category	relation_to_main	path
A_JULIA_INTEGRATION	BRANCH_ADDED	docs/architecture/JULIA_MCP_INTEGRATION_ARCHITECTURE_v1.1.md
A_JULIA_INTEGRATION	BRANCH_ADDED	docs/architecture/JULIA_MCP_INTEGRATION_ARCHITECTURE_v1.md
A_JULIA_INTEGRATION	BRANCH_ADDED	docs/integration/JULIA_ADAPTER_AT_R2_FACADE.md
A_JULIA_INTEGRATION	BRANCH_ADDED	docs/integration/JULIA_ADAPTER_AT_R3_DEGRADATION_PROVENANCE.md
A_JULIA_INTEGRATION	BRANCH_ADDED	docs/integration/JULIA_ADAPTER_AT_R4_TRANSPORT.md
A_JULIA_INTEGRATION	BRANCH_ADDED	docs/integration/JULIA_ADAPTER_AT_R5_CONTRACT_FAULT_MATRIX.md
A_JULIA_INTEGRATION	BRANCH_ADDED	docs/integration/JULIA_ADAPTER_AT_R6_HANDOFF_PACK.md
A_JULIA_INTEGRATION	BRANCH_ADDED	docs/integration/JULIA_ADAPTER_AT_R7_DEPLOYMENT_HARDENING.md
A_JULIA_INTEGRATION	BRANCH_ADDED	docs/integration/JULIA_ADAPTER_AT_R8_FREEZE_CANDIDATE.md
A_JULIA_INTEGRATION	BRANCH_ADDED	docs/integration/JULIA_ADAPTER_IBR_v1.md
A_JULIA_INTEGRATION	BRANCH_ADDED	docs/integration/JULIA_ADAPTER_OPERATION_CATALOG_v1.md
A_JULIA_INTEGRATION	BRANCH_ADDED	docs/integration/JULIA_ADAPTER_S2_CROSS_CODEX_MAPPING_REVIEW.md
A_JULIA_INTEGRATION	BRANCH_ADDED	docs/integration/JULIA_ADAPTER_S3_GOLDEN_FIXTURE_MANIFEST_v1.json
A_JULIA_INTEGRATION	BRANCH_ADDED	docs/integration/JULIA_ADAPTER_SCHEMA_v1.json
A_JULIA_INTEGRATION	BRANCH_ADDED	docs/integration/JULIA_DOMAIN_ADAPTER_BASELINE.md
A_JULIA_INTEGRATION	BRANCH_ADDED	docs/integration/fixtures/julia_domain_adapter/adapter_request_market_alerts.json
A_JULIA_INTEGRATION	BRANCH_ADDED	docs/integration/fixtures/julia_domain_adapter/adapter_request_market_snapshot.json
A_JULIA_INTEGRATION	BRANCH_ADDED	docs/integration/fixtures/julia_domain_adapter/market_alerts_empty.json
A_JULIA_INTEGRATION	BRANCH_ADDED	docs/integration/fixtures/julia_domain_adapter/market_alerts_success.json
A_JULIA_INTEGRATION	BRANCH_ADDED	docs/integration/fixtures/julia_domain_adapter/market_snapshot_empty.json
A_JULIA_INTEGRATION	BRANCH_ADDED	docs/integration/fixtures/julia_domain_adapter/market_snapshot_error.json
A_JULIA_INTEGRATION	BRANCH_ADDED	docs/integration/fixtures/julia_domain_adapter/market_snapshot_partial.json
A_JULIA_INTEGRATION	BRANCH_ADDED	docs/integration/fixtures/julia_domain_adapter/market_snapshot_stale.json
A_JULIA_INTEGRATION	BRANCH_ADDED	docs/integration/fixtures/julia_domain_adapter/market_snapshot_success.json
A_JULIA_INTEGRATION	BRANCH_ADDED	docs/integration/fixtures/julia_domain_adapter/market_snapshot_unavailable.json
A_JULIA_INTEGRATION	BRANCH_ADDED	frontend/src/components/julia/EvidenceRefCard.tsx
A_JULIA_INTEGRATION	BRANCH_ADDED	frontend/src/components/julia/JuliaCopilot.tsx
A_JULIA_INTEGRATION	BRANCH_ADDED	frontend/src/components/julia/JuliaMessage.tsx
A_JULIA_INTEGRATION	BRANCH_ADDED	frontend/src/services/julia/juliaClient.ts
A_JULIA_INTEGRATION	BRANCH_ADDED	frontend/src/services/julia/workspaceContextAdapter.ts
A_JULIA_INTEGRATION	BRANCH_ADDED	golden/2026-07-14/julia_review.json
A_JULIA_INTEGRATION	BRANCH_ADDED	mcp_server/__init__.py
A_JULIA_INTEGRATION	BRANCH_ADDED	mcp_server/server.py
A_JULIA_INTEGRATION	BRANCH_ADDED	mcp_server/tools/__init__.py
A_JULIA_INTEGRATION	BRANCH_ADDED	mcp_server/tools/alerts.py
A_JULIA_INTEGRATION	BRANCH_ADDED	mcp_server/tools/explain.py
A_JULIA_INTEGRATION	BRANCH_ADDED	mcp_server/tools/market_context.py
A_JULIA_INTEGRATION	BRANCH_ADDED	mcp_server/tools/research_tools.py
A_JULIA_INTEGRATION	BRANCH_ADDED	mcp_server/tools/snapshot.py
A_JULIA_INTEGRATION	BRANCH_ADDED	mcp_server/tools/subscription.py
A_JULIA_INTEGRATION	BRANCH_ADDED	mcp_server/tools/theme_status.py
A_JULIA_INTEGRATION	BRANCH_ADDED	mcp_server/tools/workbench_review.py
A_JULIA_INTEGRATION	BRANCH_ADDED	scripts/julia_domain_adapter_client.py
A_JULIA_INTEGRATION	BRANCH_ADDED	stock_processing_service/application/services/julia_domain_adapter/__init__.py
A_JULIA_INTEGRATION	BRANCH_ADDED	stock_processing_service/application/services/julia_domain_adapter/adapter.py
A_JULIA_INTEGRATION	BRANCH_ADDED	stock_processing_service/application/services/julia_domain_adapter/contracts.py
A_JULIA_INTEGRATION	BRANCH_ADDED	stock_processing_service/application/services/julia_domain_adapter/operations/__init__.py
A_JULIA_INTEGRATION	BRANCH_ADDED	stock_processing_service/application/services/julia_domain_adapter/operations/alerts.py
A_JULIA_INTEGRATION	BRANCH_ADDED	stock_processing_service/application/services/julia_domain_adapter/operations/snapshot.py
A_JULIA_INTEGRATION	BRANCH_ADDED	stock_processing_service/application/services/julia_domain_adapter/provenance.py
A_JULIA_INTEGRATION	BRANCH_ADDED	stock_processing_service/ports/julia_domain_adapter_config.py
A_JULIA_INTEGRATION	BRANCH_ADDED	stock_processing_service/ports/julia_domain_adapter_http.py
A_JULIA_INTEGRATION	BRANCH_ADDED	tests/julia_domain_adapter/test_at_r1_wire_contract.py
A_JULIA_INTEGRATION	BRANCH_ADDED	tests/julia_domain_adapter/test_at_r2_domain_adapter_facade.py
A_JULIA_INTEGRATION	BRANCH_ADDED	tests/julia_domain_adapter/test_at_r3_degradation_provenance.py
A_JULIA_INTEGRATION	BRANCH_ADDED	tests/julia_domain_adapter/test_at_r4_http_transport.py
A_JULIA_INTEGRATION	BRANCH_ADDED	tests/julia_domain_adapter/test_at_r5_contract_fault_matrix.py
A_JULIA_INTEGRATION	BRANCH_ADDED	tests/julia_domain_adapter/test_at_r7_deployment_hardening.py
B_STRATEGY_KNOWLEDGE	BRANCH_ADDED	strategy_knowledge/build_l1_chunks.py
B_STRATEGY_KNOWLEDGE	BRANCH_ADDED	strategy_knowledge/cards/auction_confirmation.json
B_STRATEGY_KNOWLEDGE	BRANCH_ADDED	strategy_knowledge/cards/bull_stock_patterns.json
B_STRATEGY_KNOWLEDGE	BRANCH_ADDED	strategy_knowledge/cards/entry_timing.json
B_STRATEGY_KNOWLEDGE	BRANCH_ADDED	strategy_knowledge/cards/exit_rules.json
B_STRATEGY_KNOWLEDGE	BRANCH_ADDED	strategy_knowledge/cards/leader_divergence.json
B_STRATEGY_KNOWLEDGE	BRANCH_ADDED	strategy_knowledge/cards/leader_identification.json
B_STRATEGY_KNOWLEDGE	BRANCH_ADDED	strategy_knowledge/cards/limit_up_judgment.json
B_STRATEGY_KNOWLEDGE	BRANCH_ADDED	strategy_knowledge/cards/mainline_identification.json
B_STRATEGY_KNOWLEDGE	BRANCH_ADDED	strategy_knowledge/cards/position_sizing.json
B_STRATEGY_KNOWLEDGE	BRANCH_ADDED	strategy_knowledge/cards/theme_lifecycle.json
B_STRATEGY_KNOWLEDGE	BRANCH_ADDED	strategy_knowledge/cards/theme_screening.json
B_STRATEGY_KNOWLEDGE	BRANCH_ADDED	strategy_knowledge/cards/weak_to_strong.json
B_STRATEGY_KNOWLEDGE	BRANCH_ADDED	strategy_knowledge/documents/auction_v1.chunks.json
B_STRATEGY_KNOWLEDGE	BRANCH_ADDED	strategy_knowledge/documents/auction_v1.figures.json
B_STRATEGY_KNOWLEDGE	BRANCH_ADDED	strategy_knowledge/documents/find_ox_v1.chunks.json
B_STRATEGY_KNOWLEDGE	BRANCH_ADDED	strategy_knowledge/documents/find_ox_v1.figures.json
B_STRATEGY_KNOWLEDGE	BRANCH_ADDED	strategy_knowledge/documents/limit_up_v1.chunks.json
B_STRATEGY_KNOWLEDGE	BRANCH_ADDED	strategy_knowledge/documents/limit_up_v1.figures.json
B_STRATEGY_KNOWLEDGE	BRANCH_ADDED	strategy_knowledge/documents/registry.json
B_STRATEGY_KNOWLEDGE	BRANCH_ADDED	strategy_knowledge/documents/theme_tracking_v1.chunks.json
B_STRATEGY_KNOWLEDGE	BRANCH_ADDED	strategy_knowledge/documents/theme_tracking_v1.figures.json
B_STRATEGY_KNOWLEDGE	BRANCH_ADDED	strategy_knowledge/documents/trading_system_v1.chunks.json
B_STRATEGY_KNOWLEDGE	BRANCH_ADDED	strategy_knowledge/documents/trading_system_v1.figures.json
B_STRATEGY_KNOWLEDGE	BRANCH_ADDED	strategy_knowledge/documents/weak_to_strong_v1.chunks.json
B_STRATEGY_KNOWLEDGE	BRANCH_ADDED	strategy_knowledge/documents/weak_to_strong_v1.figures.json
B_STRATEGY_KNOWLEDGE	BRANCH_ADDED	strategy_knowledge/research/research_templates.json
B_STRATEGY_KNOWLEDGE	BRANCH_ADDED	strategy_knowledge/research_compiler.py
B_STRATEGY_KNOWLEDGE	BRANCH_ADDED	strategy_knowledge/rules/hard_rules.json
B_STRATEGY_KNOWLEDGE	BRANCH_ADDED	strategy_knowledge/rules/soft_heuristics.json
C_GOLDEN_COGNITIVE	BRANCH_ADDED	docs/architecture/Active_Capital_Golden_Replay_Validation.md
C_GOLDEN_COGNITIVE	BRANCH_ADDED	docs/architecture/Golden_UI_Field_Recovery_Checklist.md
C_GOLDEN_COGNITIVE	BRANCH_ADDED	golden/2026-07-14/case_extension_manifest.json
C_GOLDEN_COGNITIVE	BRANCH_ADDED	golden/2026-07-14/cognitive_trace_manifest_r1.json
C_GOLDEN_COGNITIVE	BRANCH_ADDED	golden/2026-07-14/cognitive_trace_r1.json
C_GOLDEN_COGNITIVE	BRANCH_ADDED	golden/2026-07-14/human/analyst_observations.json
C_GOLDEN_COGNITIVE	BRANCH_ADDED	golden/2026-07-14/manifest.json
C_GOLDEN_COGNITIVE	BRANCH_ADDED	golden/2026-07-14/market_context.json
C_GOLDEN_COGNITIVE	BRANCH_ADDED	golden/2026-07-14/outcomes/baseline_universe.json
C_GOLDEN_COGNITIVE	BRANCH_ADDED	golden/2026-07-14/outcomes/manifest.json
C_GOLDEN_COGNITIVE	BRANCH_ADDED	golden/2026-07-14/outcomes/outcome_t1_2026-07-15.json
C_GOLDEN_COGNITIVE	BRANCH_ADDED	golden/2026-07-14/outcomes/outcome_t3_2026-07-17.json
C_GOLDEN_COGNITIVE	BRANCH_ADDED	golden/2026-07-14/outcomes/outcome_t5_2026-07-21.json
C_GOLDEN_COGNITIVE	BRANCH_ADDED	golden/2026-07-14/workbench_review.json
C_GOLDEN_COGNITIVE	BRANCH_ADDED	scripts/replay_cognitive_case.py
C_GOLDEN_COGNITIVE	BRANCH_ADDED	stock_processing_service/tests/contracts/test_active_capital_golden_replay_validation.py
C_GOLDEN_COGNITIVE	BRANCH_ADDED	stock_processing_service/tests/contracts/test_golden_ui_20260709.py
C_GOLDEN_COGNITIVE	BRANCH_ADDED	stock_processing_service/tests/fixtures/review_document/2026-07-09-golden.json
C_GOLDEN_COGNITIVE	BRANCH_ADDED	stock_processing_service/tests/fixtures/review_document/golden/2026-07-09_ui_baseline.yaml
D_WORKBENCH_REVIEW_CAPITAL_OTHER	BRANCH_ADDED	2026-07-15_复盘.md
D_WORKBENCH_REVIEW_CAPITAL_OTHER	BRANCH_ADDED	2026-07-16_复盘.md
D_WORKBENCH_REVIEW_CAPITAL_OTHER	BRANCH_ADDED	chunk_role_cache/m8_override_example.json
D_WORKBENCH_REVIEW_CAPITAL_OTHER	BRANCH_ADDED	core/contracts/decision_envelope.py
D_WORKBENCH_REVIEW_CAPITAL_OTHER	BRANCH_ONLY_CHANGED	database_service/gateway.py
D_WORKBENCH_REVIEW_CAPITAL_OTHER	BRANCH_ONLY_CHANGED	database_service/managers/postgres_manager.py
D_WORKBENCH_REVIEW_CAPITAL_OTHER	BRANCH_ONLY_CHANGED	database_service/scripts/build_hot_money_trading_activity.py
D_WORKBENCH_REVIEW_CAPITAL_OTHER	BRANCH_ADDED	database_service/scripts/create_institution_style_daily.sql
D_WORKBENCH_REVIEW_CAPITAL_OTHER	BRANCH_ADDED	database_service/scripts/create_investment_direction_tables.sql
D_WORKBENCH_REVIEW_CAPITAL_OTHER	BRANCH_ADDED	database_service/scripts/create_stock_fund_flow_daily.sql
D_WORKBENCH_REVIEW_CAPITAL_OTHER	BRANCH_ADDED	database_service/scripts/create_stock_fund_flow_snapshot.sql
D_WORKBENCH_REVIEW_CAPITAL_OTHER	BRANCH_ADDED	database_service/scripts/create_theme_attribution_tables.sql
D_WORKBENCH_REVIEW_CAPITAL_OTHER	BRANCH_ONLY_CHANGED	frontend/package.json
D_WORKBENCH_REVIEW_CAPITAL_OTHER	BRANCH_ONLY_CHANGED	frontend/public/api/analyst-charts/2026-07-01.json
D_WORKBENCH_REVIEW_CAPITAL_OTHER	BRANCH_ONLY_CHANGED	frontend/public/api/analyst-charts/2026-07-02.json
D_WORKBENCH_REVIEW_CAPITAL_OTHER	BRANCH_ONLY_CHANGED	frontend/public/api/analyst-charts/2026-07-03.json
D_WORKBENCH_REVIEW_CAPITAL_OTHER	BRANCH_ONLY_CHANGED	frontend/public/api/analyst-charts/2026-07-06.json
D_WORKBENCH_REVIEW_CAPITAL_OTHER	BRANCH_ONLY_CHANGED	frontend/public/api/analyst-charts/2026-07-07.json
D_WORKBENCH_REVIEW_CAPITAL_OTHER	BRANCH_ONLY_CHANGED	frontend/public/api/analyst-charts/2026-07-08.json
D_WORKBENCH_REVIEW_CAPITAL_OTHER	BRANCH_ONLY_CHANGED	frontend/public/api/analyst-charts/2026-07-09.json
D_WORKBENCH_REVIEW_CAPITAL_OTHER	BRANCH_ONLY_CHANGED	frontend/public/api/analyst-charts/2026-07-10.json
D_WORKBENCH_REVIEW_CAPITAL_OTHER	BRANCH_ADDED	frontend/public/api/analyst-charts/2026-07-13.json
D_WORKBENCH_REVIEW_CAPITAL_OTHER	BRANCH_ADDED	frontend/public/api/analyst-charts/2026-07-14.json
D_WORKBENCH_REVIEW_CAPITAL_OTHER	BRANCH_ADDED	frontend/public/api/analyst-charts/2026-07-15.json
D_WORKBENCH_REVIEW_CAPITAL_OTHER	BRANCH_ADDED	frontend/public/api/analyst-charts/2026-07-16.json
D_WORKBENCH_REVIEW_CAPITAL_OTHER	BRANCH_ADDED	frontend/public/api/analyst-charts/2026-07-17.json
D_WORKBENCH_REVIEW_CAPITAL_OTHER	BRANCH_ONLY_CHANGED	frontend/public/api/analyst-charts/trend.json
D_WORKBENCH_REVIEW_CAPITAL_OTHER	BRANCH_ONLY_CHANGED	frontend/public/api/emotion-2026-07-01.json
D_WORKBENCH_REVIEW_CAPITAL_OTHER	BRANCH_ONLY_CHANGED	frontend/public/api/emotion-2026-07-02.json
D_WORKBENCH_REVIEW_CAPITAL_OTHER	BRANCH_ONLY_CHANGED	frontend/public/api/emotion-2026-07-03.json
D_WORKBENCH_REVIEW_CAPITAL_OTHER	BRANCH_ONLY_CHANGED	frontend/public/api/emotion-2026-07-06.json
D_WORKBENCH_REVIEW_CAPITAL_OTHER	BRANCH_ONLY_CHANGED	frontend/public/api/emotion-2026-07-07.json
D_WORKBENCH_REVIEW_CAPITAL_OTHER	BRANCH_ONLY_CHANGED	frontend/public/api/emotion-2026-07-08.json
D_WORKBENCH_REVIEW_CAPITAL_OTHER	BRANCH_ONLY_CHANGED	frontend/public/api/emotion-2026-07-09.json
D_WORKBENCH_REVIEW_CAPITAL_OTHER	BRANCH_ONLY_CHANGED	frontend/public/api/emotion-2026-07-10.json
D_WORKBENCH_REVIEW_CAPITAL_OTHER	BRANCH_ADDED	frontend/public/api/emotion-2026-07-13.json
D_WORKBENCH_REVIEW_CAPITAL_OTHER	BRANCH_ADDED	frontend/public/api/emotion-2026-07-14.json
D_WORKBENCH_REVIEW_CAPITAL_OTHER	BRANCH_ADDED	frontend/public/api/emotion-2026-07-15.json
D_WORKBENCH_REVIEW_CAPITAL_OTHER	BRANCH_ADDED	frontend/public/api/emotion-2026-07-16.json
D_WORKBENCH_REVIEW_CAPITAL_OTHER	BRANCH_ADDED	frontend/public/api/emotion-2026-07-17.json
D_WORKBENCH_REVIEW_CAPITAL_OTHER	BRANCH_ADDED	frontend/scripts/test-chart-renderer-data-contract.mjs
D_WORKBENCH_REVIEW_CAPITAL_OTHER	BRANCH_ADDED	frontend/scripts/test-formal-review-view-contract.mjs
D_WORKBENCH_REVIEW_CAPITAL_OTHER	BRANCH_ADDED	frontend/scripts/test-recap-workbench-first-contract.mjs
D_WORKBENCH_REVIEW_CAPITAL_OTHER	BRANCH_ADDED	frontend/scripts/test-review-document-view-contract.mjs
D_WORKBENCH_REVIEW_CAPITAL_OTHER	BRANCH_ADDED	frontend/scripts/test-workbench-generate-flow-contract.mjs
D_WORKBENCH_REVIEW_CAPITAL_OTHER	BRANCH_ADDED	frontend/src/components/analyst/AIDirectionDraftPanel.tsx
D_WORKBENCH_REVIEW_CAPITAL_OTHER	BRANCH_ONLY_CHANGED	frontend/src/components/analyst/AnalystWorkspacePage.tsx
D_WORKBENCH_REVIEW_CAPITAL_OTHER	BRANCH_ONLY_CHANGED	frontend/src/components/analyst/ChartRenderer.tsx
D_WORKBENCH_REVIEW_CAPITAL_OTHER	BRANCH_ONLY_CHANGED	frontend/src/components/analyst/EmotionDashboard.tsx
D_WORKBENCH_REVIEW_CAPITAL_OTHER	BRANCH_ADDED	frontend/src/components/review-document/OverrideEditor.tsx
D_WORKBENCH_REVIEW_CAPITAL_OTHER	BRANCH_ADDED	frontend/src/components/review-document/ReviewDocumentSections.tsx
D_WORKBENCH_REVIEW_CAPITAL_OTHER	BRANCH_ADDED	frontend/src/components/review-document/ReviewDocumentView.tsx
D_WORKBENCH_REVIEW_CAPITAL_OTHER	BRANCH_ONLY_CHANGED	frontend/src/lib/api.ts
D_WORKBENCH_REVIEW_CAPITAL_OTHER	BRANCH_ONLY_CHANGED	frontend/src/routes/collection/CollectionPage.tsx
D_WORKBENCH_REVIEW_CAPITAL_OTHER	BRANCH_ONLY_CHANGED	frontend/src/routes/recap/RecapPage.tsx
D_WORKBENCH_REVIEW_CAPITAL_OTHER	BRANCH_ADDED	frontend/src/routes/recap/components/FormalReviewView.tsx
D_WORKBENCH_REVIEW_CAPITAL_OTHER	BRANCH_ONLY_CHANGED	frontend/src/routes/recap/components/WorkbenchSectionsPanel.tsx
D_WORKBENCH_REVIEW_CAPITAL_OTHER	BRANCH_ONLY_CHANGED	frontend/tsconfig.app.tsbuildinfo
D_WORKBENCH_REVIEW_CAPITAL_OTHER	BRANCH_ADDED	logs/jyhf_cdp_service.log.1
D_WORKBENCH_REVIEW_CAPITAL_OTHER	BRANCH_ADDED	scripts/blind_replay_20260714.py
D_WORKBENCH_REVIEW_CAPITAL_OTHER	BRANCH_ONLY_CHANGED	scripts/generate_analyst_workbench.py
D_WORKBENCH_REVIEW_CAPITAL_OTHER	BRANCH_ADDED	scripts/outcome_replay_case001.py
D_WORKBENCH_REVIEW_CAPITAL_OTHER	BRANCH_ADDED	scripts/phase455_e2e_20260709.py
D_WORKBENCH_REVIEW_CAPITAL_OTHER	BRANCH_ADDED	scripts/price_outcome_evaluator.py
D_WORKBENCH_REVIEW_CAPITAL_OTHER	BRANCH_ADDED	scripts/verify_review_document.py
D_WORKBENCH_REVIEW_CAPITAL_OTHER	BOTH_CHANGED	stock_processing_service/api_app.py
D_WORKBENCH_REVIEW_CAPITAL_OTHER	BOTH_CHANGED	stock_processing_service/application/jobs/build_post_market_recap_job.py
D_WORKBENCH_REVIEW_CAPITAL_OTHER	BRANCH_ONLY_CHANGED	stock_processing_service/application/jobs/collection_job_manager.py
D_WORKBENCH_REVIEW_CAPITAL_OTHER	BRANCH_ONLY_CHANGED	stock_processing_service/application/services/analyst_charts/builders/emotion_momentum_chart.py
D_WORKBENCH_REVIEW_CAPITAL_OTHER	BRANCH_ONLY_CHANGED	stock_processing_service/application/services/analyst_charts/builders/market_power_chart.py
D_WORKBENCH_REVIEW_CAPITAL_OTHER	BRANCH_ONLY_CHANGED	stock_processing_service/application/services/analyst_charts/chart_engine.py
D_WORKBENCH_REVIEW_CAPITAL_OTHER	BRANCH_ADDED	stock_processing_service/application/services/analyst_workbench/capital_snapshot_adapter.py
D_WORKBENCH_REVIEW_CAPITAL_OTHER	BRANCH_ONLY_CHANGED	stock_processing_service/application/services/analyst_workbench/chart_review_builder.py
D_WORKBENCH_REVIEW_CAPITAL_OTHER	BRANCH_ADDED	stock_processing_service/application/services/analyst_workbench/contracts.py
D_WORKBENCH_REVIEW_CAPITAL_OTHER	BRANCH_ADDED	stock_processing_service/application/services/analyst_workbench/derived_context_reader.py
D_WORKBENCH_REVIEW_CAPITAL_OTHER	BRANCH_ONLY_CHANGED	stock_processing_service/application/services/analyst_workbench/draft.py
D_WORKBENCH_REVIEW_CAPITAL_OTHER	BRANCH_ADDED	stock_processing_service/application/services/analyst_workbench/draft_context_builder.py
D_WORKBENCH_REVIEW_CAPITAL_OTHER	BRANCH_ONLY_CHANGED	stock_processing_service/application/services/analyst_workbench/emotion_review_builder.py
D_WORKBENCH_REVIEW_CAPITAL_OTHER	BRANCH_ADDED	stock_processing_service/application/services/analyst_workbench/formal_gate.py
D_WORKBENCH_REVIEW_CAPITAL_OTHER	BRANCH_ADDED	stock_processing_service/application/services/analyst_workbench/generate_service.py
D_WORKBENCH_REVIEW_CAPITAL_OTHER	BRANCH_ADDED	stock_processing_service/application/services/analyst_workbench/intelligence_contract.py
D_WORKBENCH_REVIEW_CAPITAL_OTHER	BRANCH_ADDED	stock_processing_service/application/services/analyst_workbench/intelligence_exporter.py
D_WORKBENCH_REVIEW_CAPITAL_OTHER	BRANCH_ADDED	stock_processing_service/application/services/analyst_workbench/market_context_exporter.py
D_WORKBENCH_REVIEW_CAPITAL_OTHER	BRANCH_ADDED	stock_processing_service/application/services/analyst_workbench/plan_snapshot_producer.py
D_WORKBENCH_REVIEW_CAPITAL_OTHER	BRANCH_ADDED	stock_processing_service/application/services/analyst_workbench/recap_completeness_guard.py
D_WORKBENCH_REVIEW_CAPITAL_OTHER	BRANCH_ONLY_CHANGED	stock_processing_service/application/services/analyst_workbench/report_composer.py
D_WORKBENCH_REVIEW_CAPITAL_OTHER	BRANCH_ONLY_CHANGED	stock_processing_service/application/services/analyst_workbench/session.py
D_WORKBENCH_REVIEW_CAPITAL_OTHER	BRANCH_ONLY_CHANGED	stock_processing_service/application/services/analyst_workbench/snapshot.py
D_WORKBENCH_REVIEW_CAPITAL_OTHER	BRANCH_ADDED	stock_processing_service/application/services/analyst_workbench/snapshot_validator.py
D_WORKBENCH_REVIEW_CAPITAL_OTHER	BRANCH_ADDED	stock_processing_service/application/services/capital_evidence/__init__.py
D_WORKBENCH_REVIEW_CAPITAL_OTHER	BRANCH_ADDED	stock_processing_service/application/services/capital_evidence/direction_bootstrap.yaml
D_WORKBENCH_REVIEW_CAPITAL_OTHER	BRANCH_ADDED	stock_processing_service/application/services/capital_evidence/direction_capital_aggregator.py
D_WORKBENCH_REVIEW_CAPITAL_OTHER	BRANCH_ADDED	stock_processing_service/application/services/capital_evidence/hot_money_style_producer.py
D_WORKBENCH_REVIEW_CAPITAL_OTHER	BRANCH_ADDED	stock_processing_service/application/services/capital_evidence/institution_style_producer.py
D_WORKBENCH_REVIEW_CAPITAL_OTHER	BRANCH_ADDED	stock_processing_service/application/services/capital_evidence/stock_fund_flow.py
D_WORKBENCH_REVIEW_CAPITAL_OTHER	BRANCH_ADDED	stock_processing_service/application/services/capital_evidence/stock_identity_normalizer.py
D_WORKBENCH_REVIEW_CAPITAL_OTHER	BRANCH_ADDED	stock_processing_service/application/services/capital_evidence/theme_capital_attribution.py
D_WORKBENCH_REVIEW_CAPITAL_OTHER	BRANCH_ADDED	stock_processing_service/application/services/capital_evidence/tushare_moneyflow.py
D_WORKBENCH_REVIEW_CAPITAL_OTHER	BRANCH_ONLY_CHANGED	stock_processing_service/application/services/collection_orchestrator.py
D_WORKBENCH_REVIEW_CAPITAL_OTHER	BRANCH_ONLY_CHANGED	stock_processing_service/application/services/collection_task_registry.py
D_WORKBENCH_REVIEW_CAPITAL_OTHER	BRANCH_ONLY_CHANGED	stock_processing_service/application/services/collection_task_runners.py
D_WORKBENCH_REVIEW_CAPITAL_OTHER	BRANCH_ADDED	stock_processing_service/application/services/daily_review/__init__.py
D_WORKBENCH_REVIEW_CAPITAL_OTHER	BRANCH_ADDED	stock_processing_service/application/services/daily_review/formal_review_projection_compiler.py
D_WORKBENCH_REVIEW_CAPITAL_OTHER	BRANCH_ADDED	stock_processing_service/application/services/daily_review/policies/__init__.py
D_WORKBENCH_REVIEW_CAPITAL_OTHER	BRANCH_ADDED	stock_processing_service/application/services/daily_review/policies/merge_policy.py
D_WORKBENCH_REVIEW_CAPITAL_OTHER	BRANCH_ADDED	stock_processing_service/application/services/daily_review/projections/__init__.py
D_WORKBENCH_REVIEW_CAPITAL_OTHER	BRANCH_ADDED	stock_processing_service/application/services/daily_review/projections/capital_evidence.py
D_WORKBENCH_REVIEW_CAPITAL_OTHER	BRANCH_ADDED	stock_processing_service/application/services/daily_review/projections/evidence_charts.py
D_WORKBENCH_REVIEW_CAPITAL_OTHER	BRANCH_ADDED	stock_processing_service/application/services/daily_review/projections/executive_summary.py
D_WORKBENCH_REVIEW_CAPITAL_OTHER	BRANCH_ADDED	stock_processing_service/application/services/daily_review/projections/market_state.py
D_WORKBENCH_REVIEW_CAPITAL_OTHER	BRANCH_ADDED	stock_processing_service/application/services/daily_review/projections/metadata.py
D_WORKBENCH_REVIEW_CAPITAL_OTHER	BRANCH_ADDED	stock_processing_service/application/services/daily_review/projections/next_day_plan.py
D_WORKBENCH_REVIEW_CAPITAL_OTHER	BRANCH_ADDED	stock_processing_service/application/services/daily_review/projections/stock_structure.py
D_WORKBENCH_REVIEW_CAPITAL_OTHER	BRANCH_ADDED	stock_processing_service/application/services/daily_review/projections/theme_structure.py
D_WORKBENCH_REVIEW_CAPITAL_OTHER	BRANCH_ADDED	stock_processing_service/application/services/daily_review/resolvers/__init__.py
D_WORKBENCH_REVIEW_CAPITAL_OTHER	BRANCH_ADDED	stock_processing_service/application/services/daily_review/resolvers/theme_identity.py
D_WORKBENCH_REVIEW_CAPITAL_OTHER	BRANCH_ADDED	stock_processing_service/application/services/identity/__init__.py
D_WORKBENCH_REVIEW_CAPITAL_OTHER	BRANCH_ADDED	stock_processing_service/application/services/identity/theme_identity_resolver.py
D_WORKBENCH_REVIEW_CAPITAL_OTHER	BRANCH_ONLY_CHANGED	stock_processing_service/application/services/limit_up_board_recalculator.py
D_WORKBENCH_REVIEW_CAPITAL_OTHER	BRANCH_ADDED	stock_processing_service/application/services/market_metrics/active_capital_producer.py
D_WORKBENCH_REVIEW_CAPITAL_OTHER	BRANCH_ONLY_CHANGED	stock_processing_service/application/services/market_metrics/board_pool_provider.py
D_WORKBENCH_REVIEW_CAPITAL_OTHER	BRANCH_ADDED	stock_processing_service/application/services/market_metrics/board_pool_snapshot.py
D_WORKBENCH_REVIEW_CAPITAL_OTHER	BRANCH_ONLY_CHANGED	stock_processing_service/application/services/market_metrics/contracts.py
D_WORKBENCH_REVIEW_CAPITAL_OTHER	BRANCH_ONLY_CHANGED	stock_processing_service/application/services/market_metrics/service.py
D_WORKBENCH_REVIEW_CAPITAL_OTHER	BRANCH_ADDED	stock_processing_service/application/services/observation_direction_draft_service.py
D_WORKBENCH_REVIEW_CAPITAL_OTHER	BRANCH_ONLY_CHANGED	stock_processing_service/application/services/post_market_daily_review_v2_builder.py
D_WORKBENCH_REVIEW_CAPITAL_OTHER	BRANCH_ADDED	stock_processing_service/application/services/review_document/__init__.py
D_WORKBENCH_REVIEW_CAPITAL_OTHER	BRANCH_ADDED	stock_processing_service/application/services/review_document/assembler.py
D_WORKBENCH_REVIEW_CAPITAL_OTHER	BRANCH_ADDED	stock_processing_service/application/services/review_document/context.py
D_WORKBENCH_REVIEW_CAPITAL_OTHER	BRANCH_ADDED	stock_processing_service/application/services/review_document/diff.py
D_WORKBENCH_REVIEW_CAPITAL_OTHER	BRANCH_ADDED	stock_processing_service/application/services/review_document/enums.py
D_WORKBENCH_REVIEW_CAPITAL_OTHER	BRANCH_ADDED	stock_processing_service/application/services/review_document/override.py
D_WORKBENCH_REVIEW_CAPITAL_OTHER	BRANCH_ADDED	stock_processing_service/application/services/review_document/quality.py
D_WORKBENCH_REVIEW_CAPITAL_OTHER	BRANCH_ADDED	stock_processing_service/application/services/review_document/schema.py
D_WORKBENCH_REVIEW_CAPITAL_OTHER	BRANCH_ADDED	stock_processing_service/application/services/review_document/stock_document_normalizer.py
D_WORKBENCH_REVIEW_CAPITAL_OTHER	BRANCH_ADDED	stock_processing_service/application/services/seat_money_snapshot_adapter.py
D_WORKBENCH_REVIEW_CAPITAL_OTHER	BRANCH_ONLY_CHANGED	stock_processing_service/application/use_cases/generate_post_market_derived_data.py
D_WORKBENCH_REVIEW_CAPITAL_OTHER	BRANCH_ONLY_CHANGED	stock_processing_service/integrations/a_stock_data/clients/eastmoney_board_client.py
D_WORKBENCH_REVIEW_CAPITAL_OTHER	BRANCH_ADDED	stock_processing_service/integrations/a_stock_data/clients/eastmoney_fund_flow_client.py
D_WORKBENCH_REVIEW_CAPITAL_OTHER	BRANCH_ONLY_CHANGED	stock_processing_service/integrations/a_stock_data/clients/rate_limited_http_client.py
D_WORKBENCH_REVIEW_CAPITAL_OTHER	BRANCH_ONLY_CHANGED	stock_processing_service/integrations/a_stock_data/clients/ths_client.py
D_WORKBENCH_REVIEW_CAPITAL_OTHER	BRANCH_ADDED	stock_processing_service/integrations/a_stock_data/jobs/collect_eastmoney_fund_flow_job.py
D_WORKBENCH_REVIEW_CAPITAL_OTHER	BRANCH_ADDED	stock_processing_service/scripts/audit_direction_coverage.py
D_WORKBENCH_REVIEW_CAPITAL_OTHER	BRANCH_ADDED	stock_processing_service/scripts/batch_collect_direction_stocks.py
D_WORKBENCH_REVIEW_CAPITAL_OTHER	BRANCH_ONLY_CHANGED	stock_processing_service/scripts/collect_eastmoney_board_pool.py
D_WORKBENCH_REVIEW_CAPITAL_OTHER	BRANCH_ADDED	stock_processing_service/scripts/collect_tushare_moneyflow.py
D_WORKBENCH_REVIEW_CAPITAL_OTHER	BRANCH_ADDED	stock_processing_service/scripts/probe_eastmoney_fund_flow_fields.py
D_WORKBENCH_REVIEW_CAPITAL_OTHER	BRANCH_ADDED	stock_processing_service/scripts/probe_eastmoney_zb_amount_fields.py
D_WORKBENCH_REVIEW_CAPITAL_OTHER	BRANCH_ADDED	stock_processing_service/scripts/probe_sina_fund_flow_fields.py
D_WORKBENCH_REVIEW_CAPITAL_OTHER	BRANCH_ADDED	stock_processing_service/scripts/probe_tushare_fund_flow_fields.py
D_WORKBENCH_REVIEW_CAPITAL_OTHER	BRANCH_ADDED	stock_processing_service/scripts/run_eastmoney_fund_flow_smoke.py
D_WORKBENCH_REVIEW_CAPITAL_OTHER	BRANCH_ADDED	stock_processing_service/scripts/validate_direction_replay.py
D_WORKBENCH_REVIEW_CAPITAL_OTHER	BRANCH_ADDED	stock_processing_service/scripts/validate_institution_style_replay.py
D_WORKBENCH_REVIEW_CAPITAL_OTHER	BRANCH_ADDED	stock_processing_service/scripts/validate_institution_style_with_real_data.py
D_WORKBENCH_REVIEW_CAPITAL_OTHER	BRANCH_ADDED	stock_processing_service/scripts/verify_ssot_completeness.py
D_WORKBENCH_REVIEW_CAPITAL_OTHER	BRANCH_ADDED	stock_processing_service/tests/contracts/test_active_capital_methodology_audit.py
D_WORKBENCH_REVIEW_CAPITAL_OTHER	BRANCH_ADDED	stock_processing_service/tests/contracts/test_active_capital_source_audit.py
D_WORKBENCH_REVIEW_CAPITAL_OTHER	BRANCH_ADDED	stock_processing_service/tests/contracts/test_api_contract.py
D_WORKBENCH_REVIEW_CAPITAL_OTHER	BRANCH_ADDED	stock_processing_service/tests/contracts/test_assembler_purity.py
D_WORKBENCH_REVIEW_CAPITAL_OTHER	BRANCH_ADDED	stock_processing_service/tests/contracts/test_board_pool_amount_completion_audit.py
D_WORKBENCH_REVIEW_CAPITAL_OTHER	BRANCH_ADDED	stock_processing_service/tests/contracts/test_board_pool_source_decision.py
D_WORKBENCH_REVIEW_CAPITAL_OTHER	BRANCH_ADDED	stock_processing_service/tests/contracts/test_capital_intelligence_source_audit.py
D_WORKBENCH_REVIEW_CAPITAL_OTHER	BRANCH_ADDED	stock_processing_service/tests/contracts/test_capital_source_ownership.py
D_WORKBENCH_REVIEW_CAPITAL_OTHER	BRANCH_ADDED	stock_processing_service/tests/contracts/test_direction_layer_contract.py
D_WORKBENCH_REVIEW_CAPITAL_OTHER	BRANCH_ADDED	stock_processing_service/tests/contracts/test_eastmoney_fund_flow_capability_audit.py
D_WORKBENCH_REVIEW_CAPITAL_OTHER	BRANCH_ADDED	stock_processing_service/tests/contracts/test_eastmoney_push2his_fund_flow_adapter_audit.py
D_WORKBENCH_REVIEW_CAPITAL_OTHER	BRANCH_ADDED	stock_processing_service/tests/contracts/test_eastmoney_zb_amount_field_verification.py
D_WORKBENCH_REVIEW_CAPITAL_OTHER	BRANCH_ADDED	stock_processing_service/tests/contracts/test_frontend_single_view.py
D_WORKBENCH_REVIEW_CAPITAL_OTHER	BRANCH_ADDED	stock_processing_service/tests/contracts/test_hot_money_style_contract.py
D_WORKBENCH_REVIEW_CAPITAL_OTHER	BRANCH_ADDED	stock_processing_service/tests/contracts/test_institution_style_producer_contract.py
D_WORKBENCH_REVIEW_CAPITAL_OTHER	BRANCH_ADDED	stock_processing_service/tests/contracts/test_producer_purity.py
D_WORKBENCH_REVIEW_CAPITAL_OTHER	BRANCH_ADDED	stock_processing_service/tests/contracts/test_review_document_coverage_guard.py
D_WORKBENCH_REVIEW_CAPITAL_OTHER	BRANCH_ADDED	stock_processing_service/tests/contracts/test_sina_fund_flow_backup_probe.py
D_WORKBENCH_REVIEW_CAPITAL_OTHER	BRANCH_ADDED	stock_processing_service/tests/contracts/test_single_interpretation.py
D_WORKBENCH_REVIEW_CAPITAL_OTHER	BRANCH_ADDED	stock_processing_service/tests/contracts/test_source_ownership.py
D_WORKBENCH_REVIEW_CAPITAL_OTHER	BRANCH_ADDED	stock_processing_service/tests/contracts/test_stock_fund_flow_evidence_contract.py
D_WORKBENCH_REVIEW_CAPITAL_OTHER	BRANCH_ADDED	stock_processing_service/tests/contracts/test_theme_capital_attribution_contract.py
D_WORKBENCH_REVIEW_CAPITAL_OTHER	BRANCH_ADDED	stock_processing_service/tests/contracts/test_tushare_fund_flow_capability_audit.py
D_WORKBENCH_REVIEW_CAPITAL_OTHER	BRANCH_ADDED	stock_processing_service/tests/contracts/test_tushare_moneyflow_evidence_contract.py
D_WORKBENCH_REVIEW_CAPITAL_OTHER	BRANCH_ADDED	stock_processing_service/tests/fixtures/eastmoney_zb_pool_with_f6.json
D_WORKBENCH_REVIEW_CAPITAL_OTHER	BRANCH_ADDED	stock_processing_service/tests/fixtures/eastmoney_zb_pool_without_amount.json
D_WORKBENCH_REVIEW_CAPITAL_OTHER	BRANCH_ADDED	stock_processing_service/tests/fixtures/review_document/negative/invalid_override.json
D_WORKBENCH_REVIEW_CAPITAL_OTHER	BRANCH_ADDED	stock_processing_service/tests/fixtures/review_document/negative/legacy_leakage.json
D_WORKBENCH_REVIEW_CAPITAL_OTHER	BRANCH_ADDED	stock_processing_service/tests/fixtures/review_document/negative/missing_capital.json
D_WORKBENCH_REVIEW_CAPITAL_OTHER	BRANCH_ADDED	stock_processing_service/tests/fixtures/review_document/negative/stale_fact.json
D_WORKBENCH_REVIEW_CAPITAL_OTHER	BOTH_CHANGED	stock_processing_service/tests/integration/test_build_post_market_recap_job.py
D_WORKBENCH_REVIEW_CAPITAL_OTHER	BRANCH_ONLY_CHANGED	stock_processing_service/tests/test_mainline_registry.py
D_WORKBENCH_REVIEW_CAPITAL_OTHER	BRANCH_ADDED	stock_processing_service/tests/unit/test_active_capital_producer.py
D_WORKBENCH_REVIEW_CAPITAL_OTHER	BRANCH_ADDED	stock_processing_service/tests/unit/test_analyst_chart_limitup.py
D_WORKBENCH_REVIEW_CAPITAL_OTHER	BRANCH_ADDED	stock_processing_service/tests/unit/test_api_recap_loader.py
D_WORKBENCH_REVIEW_CAPITAL_OTHER	BRANCH_ADDED	stock_processing_service/tests/unit/test_board_pool_snapshot_adapter.py
D_WORKBENCH_REVIEW_CAPITAL_OTHER	BRANCH_ADDED	stock_processing_service/tests/unit/test_capital_snapshot_adapter.py
D_WORKBENCH_REVIEW_CAPITAL_OTHER	BRANCH_ADDED	stock_processing_service/tests/unit/test_chart_engine_trend_capital.py
D_WORKBENCH_REVIEW_CAPITAL_OTHER	BRANCH_ADDED	stock_processing_service/tests/unit/test_collect_eastmoney_board_pool_amount.py
D_WORKBENCH_REVIEW_CAPITAL_OTHER	BRANCH_ADDED	stock_processing_service/tests/unit/test_collect_eastmoney_fund_flow_job.py
D_WORKBENCH_REVIEW_CAPITAL_OTHER	BRANCH_ADDED	stock_processing_service/tests/unit/test_derived_context_theme_identity_lookup.py
D_WORKBENCH_REVIEW_CAPITAL_OTHER	BRANCH_ADDED	stock_processing_service/tests/unit/test_eastmoney_board_client_zb_amount.py
D_WORKBENCH_REVIEW_CAPITAL_OTHER	BRANCH_ADDED	stock_processing_service/tests/unit/test_eastmoney_fund_flow_client.py
D_WORKBENCH_REVIEW_CAPITAL_OTHER	BRANCH_ADDED	stock_processing_service/tests/unit/test_eastmoney_fund_flow_probe.py
D_WORKBENCH_REVIEW_CAPITAL_OTHER	BRANCH_ADDED	stock_processing_service/tests/unit/test_eastmoney_fund_flow_smoke_script.py
D_WORKBENCH_REVIEW_CAPITAL_OTHER	BRANCH_ADDED	stock_processing_service/tests/unit/test_market_metrics_active_capital_board_pool.py
D_WORKBENCH_REVIEW_CAPITAL_OTHER	BRANCH_ADDED	stock_processing_service/tests/unit/test_probe_eastmoney_zb_amount_fields.py
D_WORKBENCH_REVIEW_CAPITAL_OTHER	BRANCH_ADDED	stock_processing_service/tests/unit/test_probe_tushare_fund_flow_fields.py
D_WORKBENCH_REVIEW_CAPITAL_OTHER	BRANCH_ADDED	stock_processing_service/tests/unit/test_projection_analyst_override_identity.py
D_WORKBENCH_REVIEW_CAPITAL_OTHER	BRANCH_ADDED	stock_processing_service/tests/unit/test_projection_capital_plan.py
D_WORKBENCH_REVIEW_CAPITAL_OTHER	BRANCH_ADDED	stock_processing_service/tests/unit/test_projection_diff_20260709.py
D_WORKBENCH_REVIEW_CAPITAL_OTHER	BRANCH_ADDED	stock_processing_service/tests/unit/test_projection_formal_schema.py
D_WORKBENCH_REVIEW_CAPITAL_OTHER	BRANCH_ADDED	stock_processing_service/tests/unit/test_projection_stabilization_scenarios.py
D_WORKBENCH_REVIEW_CAPITAL_OTHER	BRANCH_ADDED	stock_processing_service/tests/unit/test_projection_theme_stock_merge.py
D_WORKBENCH_REVIEW_CAPITAL_OTHER	BRANCH_ONLY_CHANGED	stock_processing_service/tests/unit/test_rate_limited_http_client.py
D_WORKBENCH_REVIEW_CAPITAL_OTHER	BRANCH_ADDED	stock_processing_service/tests/unit/test_review_document_artifact_contract.py
D_WORKBENCH_REVIEW_CAPITAL_OTHER	BRANCH_ADDED	stock_processing_service/tests/unit/test_review_document_assembler.py
D_WORKBENCH_REVIEW_CAPITAL_OTHER	BRANCH_ADDED	stock_processing_service/tests/unit/test_review_document_diff.py
D_WORKBENCH_REVIEW_CAPITAL_OTHER	BRANCH_ADDED	stock_processing_service/tests/unit/test_review_document_end_to_end_replay.py
D_WORKBENCH_REVIEW_CAPITAL_OTHER	BRANCH_ADDED	stock_processing_service/tests/unit/test_review_document_fixtures.py
D_WORKBENCH_REVIEW_CAPITAL_OTHER	BRANCH_ADDED	stock_processing_service/tests/unit/test_review_document_override.py
D_WORKBENCH_REVIEW_CAPITAL_OTHER	BRANCH_ADDED	stock_processing_service/tests/unit/test_review_document_schema.py
D_WORKBENCH_REVIEW_CAPITAL_OTHER	BRANCH_ADDED	stock_processing_service/tests/unit/test_seat_money_snapshot_adapter.py
D_WORKBENCH_REVIEW_CAPITAL_OTHER	BRANCH_ADDED	stock_processing_service/tests/unit/test_sina_fund_flow_probe.py
D_WORKBENCH_REVIEW_CAPITAL_OTHER	BRANCH_ADDED	stock_processing_service/tests/unit/test_stock_document_normalizer.py
D_WORKBENCH_REVIEW_CAPITAL_OTHER	BRANCH_ADDED	stock_processing_service/tests/unit/test_stock_fund_flow_evidence.py
D_WORKBENCH_REVIEW_CAPITAL_OTHER	BRANCH_ADDED	stock_processing_service/tests/unit/test_theme_identity_resolver_contract.py
D_WORKBENCH_REVIEW_CAPITAL_OTHER	BRANCH_ADDED	stock_processing_service/tests/unit/test_workbench_approve_api.py
D_WORKBENCH_REVIEW_CAPITAL_OTHER	BRANCH_ADDED	stock_processing_service/tests/unit/test_workbench_intelligence_binding.py
D_WORKBENCH_REVIEW_CAPITAL_OTHER	BRANCH_ONLY_CHANGED	stock_processing_service/tests/unit/test_workbench_phase454.py
D_WORKBENCH_REVIEW_CAPITAL_OTHER	BRANCH_ADDED	stock_processing_service/tests/unit/test_workbench_phase455_compose_gate.py
D_WORKBENCH_REVIEW_CAPITAL_OTHER	BRANCH_ADDED	stock_processing_service/tests/unit/test_workbench_phase455_generate.py
D_WORKBENCH_REVIEW_CAPITAL_OTHER	BRANCH_ADDED	stock_processing_service/tests/unit/test_workbench_phase455_responsibility_contract.py
D_WORKBENCH_REVIEW_CAPITAL_OTHER	BRANCH_ONLY_CHANGED	stock_processing_service/tests/unit/test_workbench_phase455_review_merger.py
D_WORKBENCH_REVIEW_CAPITAL_OTHER	BRANCH_ADDED	stock_processing_service/tests/unit/test_workbench_review_document_only_contract.py
D_WORKBENCH_REVIEW_CAPITAL_OTHER	BRANCH_ADDED	stock_processing_service/tests/unit/test_workbench_review_override_api.py
D_WORKBENCH_REVIEW_CAPITAL_OTHER	BRANCH_ONLY_CHANGED	stock_processing_service/tests/unit/test_workbench_session.py
D_WORKBENCH_REVIEW_CAPITAL_OTHER	BRANCH_ADDED	tests/mcp/test_schema.py
D_WORKBENCH_REVIEW_CAPITAL_OTHER	BRANCH_ADDED	tests/workbench/test_intelligence_export_e2e.py
D_WORKBENCH_REVIEW_CAPITAL_OTHER	BRANCH_ONLY_CHANGED	web_app_service/api/routes.py
D_WORKBENCH_REVIEW_CAPITAL_OTHER	BOTH_CHANGED	web_app_service/main.py
D_WORKBENCH_REVIEW_CAPITAL_OTHER	BRANCH_ONLY_CHANGED	web_app_service/tests/test_p4_phase0_contracts.py
E_ANALYST_DATA	BRANCH_ADDED	analyst_data/6月23日复盘，晚上直播间见.html
E_ANALYST_DATA	BRANCH_ADDED	analyst_data/6月23日复盘，晚上直播间见_files/0
E_ANALYST_DATA	BRANCH_ADDED	analyst_data/6月23日复盘，晚上直播间见_files/0(1)
E_ANALYST_DATA	BRANCH_ADDED	analyst_data/6月23日复盘，晚上直播间见_files/300
E_ANALYST_DATA	BRANCH_ADDED	analyst_data/6月23日复盘，晚上直播间见_files/RCdSzC74aDD_QnWHvT8sNnXUvwtSaR2y5wHybXLJy_bhOTBTw97S11whc3dq9C0qRKv2tXjGNhrEXV4-6jYgIQ
E_ANALYST_DATA	BRANCH_ADDED	analyst_data/6月23日复盘，晚上直播间见_files/RCdSzC74aDD_QnWHvT8sNtESWCvezsiPOk6PEvubsj8wv5t3hSJndZcCOdHhYDBlk8xXexSC1CZccFnFO5JCHg
E_ANALYST_DATA	BRANCH_ADDED	analyst_data/6月23日复盘，晚上直播间见_files/added_info.mrddymk0d5070eb5.css
E_ANALYST_DATA	BRANCH_ADDED	analyst_data/6月23日复盘，晚上直播间见_files/appmsg.mrddymk00801af2a.js
E_ANALYST_DATA	BRANCH_ADDED	analyst_data/6月23日复盘，晚上直播间见_files/appmsg_comment.mrddymk0ce02802d.css
E_ANALYST_DATA	BRANCH_ADDED	analyst_data/6月23日复盘，晚上直播间见_files/article_bottom_bar.mrddymk06c2c73ca.css
E_ANALYST_DATA	BRANCH_ADDED	analyst_data/6月23日复盘，晚上直播间见_files/channel_product_utils.mrddymk0199e90e4.css
E_ANALYST_DATA	BRANCH_ADDED	analyst_data/6月23日复盘，晚上直播间见_files/cover_next.mrddymk0cd74238d.css
E_ANALYST_DATA	BRANCH_ADDED	analyst_data/6月23日复盘，晚上直播间见_files/frame.html
E_ANALYST_DATA	BRANCH_ADDED	analyst_data/6月23日复盘，晚上直播间见_files/gongyi.mrddymk08c152f31.css
E_ANALYST_DATA	BRANCH_ADDED	analyst_data/6月23日复盘，晚上直播间见_files/handle_change_inter_identity.mrddymk014eec1a5.css
E_ANALYST_DATA	BRANCH_ADDED	analyst_data/6月23日复盘，晚上直播间见_files/index.mrddymk0779cd8f2.css
E_ANALYST_DATA	BRANCH_ADDED	analyst_data/6月23日复盘，晚上直播间见_files/keep_read.mrddymk09d142f2e.css
E_ANALYST_DATA	BRANCH_ADDED	analyst_data/6月23日复盘，晚上直播间见_files/keyboard(1).mrddymk07906ec3f.css
E_ANALYST_DATA	BRANCH_ADDED	analyst_data/6月23日复盘，晚上直播间见_files/keyboard.mrddymk07906ec3f.css
E_ANALYST_DATA	BRANCH_ADDED	analyst_data/6月23日复盘，晚上直播间见_files/opqv3ix6k9E4e64ZzO7uIqE3ZblwIojfmt7u70m59yS1ylFK-hTu6Ra8V_LaWQJ1P4OlUJPdXLfVBtrm3TwRrw
E_ANALYST_DATA	BRANCH_ADDED	analyst_data/6月23日复盘，晚上直播间见_files/polyfills-legacy.mrddymk0ef94810a.js
E_ANALYST_DATA	BRANCH_ADDED	analyst_data/6月23日复盘，晚上直播间见_files/product_search.mrddymk0eb694068.css
E_ANALYST_DATA	BRANCH_ADDED	analyst_data/6月23日复盘，晚上直播间见_files/product_search_word.mrddymk00a58245c.css
E_ANALYST_DATA	BRANCH_ADDED	analyst_data/6月23日复盘，晚上直播间见_files/qqmail_tpl_vite_entry.mrddymk0637587cc.css
E_ANALYST_DATA	BRANCH_ADDED	analyst_data/6月23日复盘，晚上直播间见_files/reward_close_tip.mrddymk02cdd5698.css
E_ANALYST_DATA	BRANCH_ADDED	analyst_data/6月23日复盘，晚上直播间见_files/reward_list_dialog.mrddymk019e14573.css
E_ANALYST_DATA	BRANCH_ADDED	analyst_data/6月23日复盘，晚上直播间见_files/search_fixed_bar.mrddymk09d63199b.css
E_ANALYST_DATA	BRANCH_ADDED	analyst_data/6月23日复盘，晚上直播间见_files/sec_performance.mrddymk0ae94a0fa.css
E_ANALYST_DATA	BRANCH_ADDED	analyst_data/6月23日复盘，晚上直播间见_files/tap_highlight(1).mrddymk021feed59.css
E_ANALYST_DATA	BRANCH_ADDED	analyst_data/6月23日复盘，晚上直播间见_files/tap_highlight.mrddymk021feed59.css
E_ANALYST_DATA	BRANCH_ADDED	analyst_data/6月23日复盘，晚上直播间见_files/tencent_portfolio_light.mrddymk0d5912b06.css
E_ANALYST_DATA	BRANCH_ADDED	analyst_data/6月23日复盘，晚上直播间见_files/weui.min.css
E_ANALYST_DATA	BRANCH_ADDED	analyst_data/6月23日复盘，晚上直播间见_files/weui.min.js
E_ANALYST_DATA	BRANCH_ADDED	analyst_data/6月23日复盘，晚上直播间见_files/wxopensdk.js
E_ANALYST_DATA	BRANCH_ADDED	analyst_data/6月23日复盘，晚上直播间见_files/wxwork_hidden.mrddymk0debb1bea.css
E_ANALYST_DATA	BRANCH_ADDED	analyst_data/6月24日，只有俩个字“XX”.html
E_ANALYST_DATA	BRANCH_ADDED	analyst_data/6月24日，只有俩个字“XX”_files/0
E_ANALYST_DATA	BRANCH_ADDED	analyst_data/6月24日，只有俩个字“XX”_files/0(1)
E_ANALYST_DATA	BRANCH_ADDED	analyst_data/6月24日，只有俩个字“XX”_files/300
E_ANALYST_DATA	BRANCH_ADDED	analyst_data/6月24日，只有俩个字“XX”_files/640
E_ANALYST_DATA	BRANCH_ADDED	analyst_data/6月24日，只有俩个字“XX”_files/640(1)
E_ANALYST_DATA	BRANCH_ADDED	analyst_data/6月24日，只有俩个字“XX”_files/640(10)
E_ANALYST_DATA	BRANCH_ADDED	analyst_data/6月24日，只有俩个字“XX”_files/640(11)
E_ANALYST_DATA	BRANCH_ADDED	analyst_data/6月24日，只有俩个字“XX”_files/640(12)
E_ANALYST_DATA	BRANCH_ADDED	analyst_data/6月24日，只有俩个字“XX”_files/640(13)
E_ANALYST_DATA	BRANCH_ADDED	analyst_data/6月24日，只有俩个字“XX”_files/640(2)
E_ANALYST_DATA	BRANCH_ADDED	analyst_data/6月24日，只有俩个字“XX”_files/640(3)
E_ANALYST_DATA	BRANCH_ADDED	analyst_data/6月24日，只有俩个字“XX”_files/640(4)
E_ANALYST_DATA	BRANCH_ADDED	analyst_data/6月24日，只有俩个字“XX”_files/640(5)
E_ANALYST_DATA	BRANCH_ADDED	analyst_data/6月24日，只有俩个字“XX”_files/640(6)
E_ANALYST_DATA	BRANCH_ADDED	analyst_data/6月24日，只有俩个字“XX”_files/640(7)
E_ANALYST_DATA	BRANCH_ADDED	analyst_data/6月24日，只有俩个字“XX”_files/640(8)
E_ANALYST_DATA	BRANCH_ADDED	analyst_data/6月24日，只有俩个字“XX”_files/640(9)
E_ANALYST_DATA	BRANCH_ADDED	analyst_data/6月24日，只有俩个字“XX”_files/RCdSzC74aDD_QnWHvT8sNnXUvwtSaR2y5wHybXLJy_bhOTBTw97S11whc3dq9C0qRKv2tXjGNhrEXV4-6jYgIQ
E_ANALYST_DATA	BRANCH_ADDED	analyst_data/6月24日，只有俩个字“XX”_files/RCdSzC74aDD_QnWHvT8sNtESWCvezsiPOk6PEvubsj8wv5t3hSJndZcCOdHhYDBlk8xXexSC1CZccFnFO5JCHg
E_ANALYST_DATA	BRANCH_ADDED	analyst_data/6月24日，只有俩个字“XX”_files/added_info.mrecyug7d5070eb5.css
E_ANALYST_DATA	BRANCH_ADDED	analyst_data/6月24日，只有俩个字“XX”_files/appmsg.mrecyug703d5319c.js
E_ANALYST_DATA	BRANCH_ADDED	analyst_data/6月24日，只有俩个字“XX”_files/appmsg_comment.mrecyug7ce02802d.css
E_ANALYST_DATA	BRANCH_ADDED	analyst_data/6月24日，只有俩个字“XX”_files/article_bottom_bar.mrecyug76c2c73ca.css
E_ANALYST_DATA	BRANCH_ADDED	analyst_data/6月24日，只有俩个字“XX”_files/channel_product_utils.mrecyug7199e90e4.css
E_ANALYST_DATA	BRANCH_ADDED	analyst_data/6月24日，只有俩个字“XX”_files/cover_next.mrecyug7cd74238d.css
E_ANALYST_DATA	BRANCH_ADDED	analyst_data/6月24日，只有俩个字“XX”_files/frame.html
E_ANALYST_DATA	BRANCH_ADDED	analyst_data/6月24日，只有俩个字“XX”_files/gongyi.mrecyug78c152f31.css
E_ANALYST_DATA	BRANCH_ADDED	analyst_data/6月24日，只有俩个字“XX”_files/handle_change_inter_identity.mrecyug714eec1a5.css
E_ANALYST_DATA	BRANCH_ADDED	analyst_data/6月24日，只有俩个字“XX”_files/index.mrecyug7779cd8f2.css
E_ANALYST_DATA	BRANCH_ADDED	analyst_data/6月24日，只有俩个字“XX”_files/keep_read.mrecyug79d142f2e.css
E_ANALYST_DATA	BRANCH_ADDED	analyst_data/6月24日，只有俩个字“XX”_files/keyboard(1).mrecyug77906ec3f.css
E_ANALYST_DATA	BRANCH_ADDED	analyst_data/6月24日，只有俩个字“XX”_files/keyboard.mrecyug77906ec3f.css
E_ANALYST_DATA	BRANCH_ADDED	analyst_data/6月24日，只有俩个字“XX”_files/opqv3ix6k9E4e64ZzO7uIqE3ZblwIojfmt7u70m59yS1ylFK-hTu6Ra8V_LaWQJ1P4OlUJPdXLfVBtrm3TwRrw
E_ANALYST_DATA	BRANCH_ADDED	analyst_data/6月24日，只有俩个字“XX”_files/polyfills-legacy.mrecyug70b1ce85f.js
E_ANALYST_DATA	BRANCH_ADDED	analyst_data/6月24日，只有俩个字“XX”_files/product_search.mrecyug7eb694068.css
E_ANALYST_DATA	BRANCH_ADDED	analyst_data/6月24日，只有俩个字“XX”_files/product_search_word.mrecyug70a58245c.css
E_ANALYST_DATA	BRANCH_ADDED	analyst_data/6月24日，只有俩个字“XX”_files/qqmail_tpl_vite_entry.mrecyug74931a107.css
E_ANALYST_DATA	BRANCH_ADDED	analyst_data/6月24日，只有俩个字“XX”_files/reward_close_tip.mrecyug72cdd5698.css
E_ANALYST_DATA	BRANCH_ADDED	analyst_data/6月24日，只有俩个字“XX”_files/reward_list_dialog.mrecyug719e14573.css
E_ANALYST_DATA	BRANCH_ADDED	analyst_data/6月24日，只有俩个字“XX”_files/search_fixed_bar.mrecyug79d63199b.css
E_ANALYST_DATA	BRANCH_ADDED	analyst_data/6月24日，只有俩个字“XX”_files/sec_performance.mrecyug7ae94a0fa.css
E_ANALYST_DATA	BRANCH_ADDED	analyst_data/6月24日，只有俩个字“XX”_files/tap_highlight(1).mrecyug721feed59.css
E_ANALYST_DATA	BRANCH_ADDED	analyst_data/6月24日，只有俩个字“XX”_files/tap_highlight.mrecyug721feed59.css
E_ANALYST_DATA	BRANCH_ADDED	analyst_data/6月24日，只有俩个字“XX”_files/tencent_portfolio_light.mrecyug7d5912b06.css
E_ANALYST_DATA	BRANCH_ADDED	analyst_data/6月24日，只有俩个字“XX”_files/weui.min.css
E_ANALYST_DATA	BRANCH_ADDED	analyst_data/6月24日，只有俩个字“XX”_files/weui.min.js
E_ANALYST_DATA	BRANCH_ADDED	analyst_data/6月24日，只有俩个字“XX”_files/wxopensdk.js
E_ANALYST_DATA	BRANCH_ADDED	analyst_data/6月24日，只有俩个字“XX”_files/wxwork_hidden.mrecyug7debb1bea.css
E_ANALYST_DATA	BRANCH_ADDED	analyst_data/6月25日，一个字“爽”.html
E_ANALYST_DATA	BRANCH_ADDED	analyst_data/6月25日，一个字“爽”_files/0
E_ANALYST_DATA	BRANCH_ADDED	analyst_data/6月25日，一个字“爽”_files/0(1)
E_ANALYST_DATA	BRANCH_ADDED	analyst_data/6月25日，一个字“爽”_files/300
E_ANALYST_DATA	BRANCH_ADDED	analyst_data/6月25日，一个字“爽”_files/640
E_ANALYST_DATA	BRANCH_ADDED	analyst_data/6月25日，一个字“爽”_files/640(1)
E_ANALYST_DATA	BRANCH_ADDED	analyst_data/6月25日，一个字“爽”_files/640(10)
E_ANALYST_DATA	BRANCH_ADDED	analyst_data/6月25日，一个字“爽”_files/640(11)
E_ANALYST_DATA	BRANCH_ADDED	analyst_data/6月25日，一个字“爽”_files/640(12)
E_ANALYST_DATA	BRANCH_ADDED	analyst_data/6月25日，一个字“爽”_files/640(13)
E_ANALYST_DATA	BRANCH_ADDED	analyst_data/6月25日，一个字“爽”_files/640(14)
E_ANALYST_DATA	BRANCH_ADDED	analyst_data/6月25日，一个字“爽”_files/640(15)
E_ANALYST_DATA	BRANCH_ADDED	analyst_data/6月25日，一个字“爽”_files/640(16)
E_ANALYST_DATA	BRANCH_ADDED	analyst_data/6月25日，一个字“爽”_files/640(17)
E_ANALYST_DATA	BRANCH_ADDED	analyst_data/6月25日，一个字“爽”_files/640(18)
E_ANALYST_DATA	BRANCH_ADDED	analyst_data/6月25日，一个字“爽”_files/640(19)
E_ANALYST_DATA	BRANCH_ADDED	analyst_data/6月25日，一个字“爽”_files/640(2)
E_ANALYST_DATA	BRANCH_ADDED	analyst_data/6月25日，一个字“爽”_files/640(20)
E_ANALYST_DATA	BRANCH_ADDED	analyst_data/6月25日，一个字“爽”_files/640(21)
E_ANALYST_DATA	BRANCH_ADDED	analyst_data/6月25日，一个字“爽”_files/640(22)
E_ANALYST_DATA	BRANCH_ADDED	analyst_data/6月25日，一个字“爽”_files/640(23)
E_ANALYST_DATA	BRANCH_ADDED	analyst_data/6月25日，一个字“爽”_files/640(3)
E_ANALYST_DATA	BRANCH_ADDED	analyst_data/6月25日，一个字“爽”_files/640(4)
E_ANALYST_DATA	BRANCH_ADDED	analyst_data/6月25日，一个字“爽”_files/640(5)
E_ANALYST_DATA	BRANCH_ADDED	analyst_data/6月25日，一个字“爽”_files/640(6)
E_ANALYST_DATA	BRANCH_ADDED	analyst_data/6月25日，一个字“爽”_files/640(7)
E_ANALYST_DATA	BRANCH_ADDED	analyst_data/6月25日，一个字“爽”_files/640(8)
E_ANALYST_DATA	BRANCH_ADDED	analyst_data/6月25日，一个字“爽”_files/640(9)
E_ANALYST_DATA	BRANCH_ADDED	analyst_data/6月25日，一个字“爽”_files/RCdSzC74aDD_QnWHvT8sNnXUvwtSaR2y5wHybXLJy_bhOTBTw97S11whc3dq9C0qRKv2tXjGNhrEXV4-6jYgIQ
E_ANALYST_DATA	BRANCH_ADDED	analyst_data/6月25日，一个字“爽”_files/RCdSzC74aDD_QnWHvT8sNtESWCvezsiPOk6PEvubsj8wv5t3hSJndZcCOdHhYDBlk8xXexSC1CZccFnFO5JCHg
E_ANALYST_DATA	BRANCH_ADDED	analyst_data/6月25日，一个字“爽”_files/added_info.mrddymk0d5070eb5.css
E_ANALYST_DATA	BRANCH_ADDED	analyst_data/6月25日，一个字“爽”_files/appmsg.mrddymk00801af2a.js
E_ANALYST_DATA	BRANCH_ADDED	analyst_data/6月25日，一个字“爽”_files/appmsg_comment.mrddymk0ce02802d.css
E_ANALYST_DATA	BRANCH_ADDED	analyst_data/6月25日，一个字“爽”_files/article_bottom_bar.mrddymk06c2c73ca.css
E_ANALYST_DATA	BRANCH_ADDED	analyst_data/6月25日，一个字“爽”_files/channel_product_utils.mrddymk0199e90e4.css
E_ANALYST_DATA	BRANCH_ADDED	analyst_data/6月25日，一个字“爽”_files/cover_next.mrddymk0cd74238d.css
E_ANALYST_DATA	BRANCH_ADDED	analyst_data/6月25日，一个字“爽”_files/frame.html
E_ANALYST_DATA	BRANCH_ADDED	analyst_data/6月25日，一个字“爽”_files/gongyi.mrddymk08c152f31.css
E_ANALYST_DATA	BRANCH_ADDED	analyst_data/6月25日，一个字“爽”_files/handle_change_inter_identity.mrddymk014eec1a5.css
E_ANALYST_DATA	BRANCH_ADDED	analyst_data/6月25日，一个字“爽”_files/index.mrddymk0779cd8f2.css
E_ANALYST_DATA	BRANCH_ADDED	analyst_data/6月25日，一个字“爽”_files/keep_read.mrddymk09d142f2e.css
E_ANALYST_DATA	BRANCH_ADDED	analyst_data/6月25日，一个字“爽”_files/keyboard(1).mrddymk07906ec3f.css
E_ANALYST_DATA	BRANCH_ADDED	analyst_data/6月25日，一个字“爽”_files/keyboard.mrddymk07906ec3f.css
E_ANALYST_DATA	BRANCH_ADDED	analyst_data/6月25日，一个字“爽”_files/opqv3ix6k9E4e64ZzO7uIqE3ZblwIojfmt7u70m59yS1ylFK-hTu6Ra8V_LaWQJ1P4OlUJPdXLfVBtrm3TwRrw
E_ANALYST_DATA	BRANCH_ADDED	analyst_data/6月25日，一个字“爽”_files/polyfills-legacy.mrddymk0ef94810a.js
E_ANALYST_DATA	BRANCH_ADDED	analyst_data/6月25日，一个字“爽”_files/product_search.mrddymk0eb694068.css
E_ANALYST_DATA	BRANCH_ADDED	analyst_data/6月25日，一个字“爽”_files/product_search_word.mrddymk00a58245c.css
E_ANALYST_DATA	BRANCH_ADDED	analyst_data/6月25日，一个字“爽”_files/qqmail_tpl_vite_entry.mrddymk0637587cc.css
E_ANALYST_DATA	BRANCH_ADDED	analyst_data/6月25日，一个字“爽”_files/reward_close_tip.mrddymk02cdd5698.css
E_ANALYST_DATA	BRANCH_ADDED	analyst_data/6月25日，一个字“爽”_files/reward_list_dialog.mrddymk019e14573.css
E_ANALYST_DATA	BRANCH_ADDED	analyst_data/6月25日，一个字“爽”_files/search_fixed_bar.mrddymk09d63199b.css
E_ANALYST_DATA	BRANCH_ADDED	analyst_data/6月25日，一个字“爽”_files/sec_performance.mrddymk0ae94a0fa.css
E_ANALYST_DATA	BRANCH_ADDED	analyst_data/6月25日，一个字“爽”_files/tap_highlight(1).mrddymk021feed59.css
E_ANALYST_DATA	BRANCH_ADDED	analyst_data/6月25日，一个字“爽”_files/tap_highlight.mrddymk021feed59.css
E_ANALYST_DATA	BRANCH_ADDED	analyst_data/6月25日，一个字“爽”_files/tencent_portfolio_light.mrddymk0d5912b06.css
E_ANALYST_DATA	BRANCH_ADDED	analyst_data/6月25日，一个字“爽”_files/weui.min.css
E_ANALYST_DATA	BRANCH_ADDED	analyst_data/6月25日，一个字“爽”_files/weui.min.js
E_ANALYST_DATA	BRANCH_ADDED	analyst_data/6月25日，一个字“爽”_files/wxopensdk.js
E_ANALYST_DATA	BRANCH_ADDED	analyst_data/6月25日，一个字“爽”_files/wxwork_hidden.mrddymk0debb1bea.css
E_ANALYST_DATA	BRANCH_ADDED	analyst_data/6月29日.html
E_ANALYST_DATA	BRANCH_ADDED	analyst_data/6月29日_files/0
E_ANALYST_DATA	BRANCH_ADDED	analyst_data/6月29日_files/0(1)
E_ANALYST_DATA	BRANCH_ADDED	analyst_data/6月29日_files/300
E_ANALYST_DATA	BRANCH_ADDED	analyst_data/6月29日_files/640
E_ANALYST_DATA	BRANCH_ADDED	analyst_data/6月29日_files/640(1)
E_ANALYST_DATA	BRANCH_ADDED	analyst_data/6月29日_files/640(2)
E_ANALYST_DATA	BRANCH_ADDED	analyst_data/6月29日_files/640(3)
E_ANALYST_DATA	BRANCH_ADDED	analyst_data/6月29日_files/640(4)
E_ANALYST_DATA	BRANCH_ADDED	analyst_data/6月29日_files/640(5)
E_ANALYST_DATA	BRANCH_ADDED	analyst_data/6月29日_files/640(6)
E_ANALYST_DATA	BRANCH_ADDED	analyst_data/6月29日_files/RCdSzC74aDD_QnWHvT8sNnXUvwtSaR2y5wHybXLJy_bhOTBTw97S11whc3dq9C0qRKv2tXjGNhrEXV4-6jYgIQ
E_ANALYST_DATA	BRANCH_ADDED	analyst_data/6月29日_files/RCdSzC74aDD_QnWHvT8sNtESWCvezsiPOk6PEvubsj8wv5t3hSJndZcCOdHhYDBlk8xXexSC1CZccFnFO5JCHg
E_ANALYST_DATA	BRANCH_ADDED	analyst_data/6月29日_files/added_info.mrddymk0d5070eb5.css
E_ANALYST_DATA	BRANCH_ADDED	analyst_data/6月29日_files/appmsg.mrddymk00801af2a.js
E_ANALYST_DATA	BRANCH_ADDED	analyst_data/6月29日_files/appmsg_comment.mrddymk0ce02802d.css
E_ANALYST_DATA	BRANCH_ADDED	analyst_data/6月29日_files/article_bottom_bar.mrddymk06c2c73ca.css
E_ANALYST_DATA	BRANCH_ADDED	analyst_data/6月29日_files/channel_product_utils.mrddymk0199e90e4.css
E_ANALYST_DATA	BRANCH_ADDED	analyst_data/6月29日_files/cover_next.mrddymk0cd74238d.css
E_ANALYST_DATA	BRANCH_ADDED	analyst_data/6月29日_files/frame.html
E_ANALYST_DATA	BRANCH_ADDED	analyst_data/6月29日_files/gongyi.mrddymk08c152f31.css
E_ANALYST_DATA	BRANCH_ADDED	analyst_data/6月29日_files/handle_change_inter_identity.mrddymk014eec1a5.css
E_ANALYST_DATA	BRANCH_ADDED	analyst_data/6月29日_files/index.mrddymk0779cd8f2.css
E_ANALYST_DATA	BRANCH_ADDED	analyst_data/6月29日_files/keep_read.mrddymk09d142f2e.css
E_ANALYST_DATA	BRANCH_ADDED	analyst_data/6月29日_files/keyboard(1).mrddymk07906ec3f.css
E_ANALYST_DATA	BRANCH_ADDED	analyst_data/6月29日_files/keyboard.mrddymk07906ec3f.css
E_ANALYST_DATA	BRANCH_ADDED	analyst_data/6月29日_files/opqv3ix6k9E4e64ZzO7uIqE3ZblwIojfmt7u70m59yS1ylFK-hTu6Ra8V_LaWQJ1P4OlUJPdXLfVBtrm3TwRrw
E_ANALYST_DATA	BRANCH_ADDED	analyst_data/6月29日_files/polyfills-legacy.mrddymk0ef94810a.js
E_ANALYST_DATA	BRANCH_ADDED	analyst_data/6月29日_files/product_search.mrddymk0eb694068.css
E_ANALYST_DATA	BRANCH_ADDED	analyst_data/6月29日_files/product_search_word.mrddymk00a58245c.css
E_ANALYST_DATA	BRANCH_ADDED	analyst_data/6月29日_files/qqmail_tpl_vite_entry.mrddymk0637587cc.css
E_ANALYST_DATA	BRANCH_ADDED	analyst_data/6月29日_files/reward_close_tip.mrddymk02cdd5698.css
E_ANALYST_DATA	BRANCH_ADDED	analyst_data/6月29日_files/reward_list_dialog.mrddymk019e14573.css
E_ANALYST_DATA	BRANCH_ADDED	analyst_data/6月29日_files/search_fixed_bar.mrddymk09d63199b.css
E_ANALYST_DATA	BRANCH_ADDED	analyst_data/6月29日_files/sec_performance.mrddymk0ae94a0fa.css
E_ANALYST_DATA	BRANCH_ADDED	analyst_data/6月29日_files/tap_highlight(1).mrddymk021feed59.css
E_ANALYST_DATA	BRANCH_ADDED	analyst_data/6月29日_files/tap_highlight.mrddymk021feed59.css
E_ANALYST_DATA	BRANCH_ADDED	analyst_data/6月29日_files/tencent_portfolio_light.mrddymk0d5912b06.css
E_ANALYST_DATA	BRANCH_ADDED	analyst_data/6月29日_files/weui.min.css
E_ANALYST_DATA	BRANCH_ADDED	analyst_data/6月29日_files/weui.min.js
E_ANALYST_DATA	BRANCH_ADDED	analyst_data/6月29日_files/wxopensdk.js
E_ANALYST_DATA	BRANCH_ADDED	analyst_data/6月29日_files/wxwork_hidden.mrddymk0debb1bea.css
E_ANALYST_DATA	BRANCH_ADDED	analyst_data/6月30日，复盘资料，如期反弹_files/0
E_ANALYST_DATA	BRANCH_ADDED	analyst_data/6月30日，复盘资料，如期反弹_files/0(1)
E_ANALYST_DATA	BRANCH_ADDED	analyst_data/6月30日，复盘资料，如期反弹_files/300
E_ANALYST_DATA	BRANCH_ADDED	analyst_data/6月30日，复盘资料，如期反弹_files/640
E_ANALYST_DATA	BRANCH_ADDED	analyst_data/6月30日，复盘资料，如期反弹_files/RCdSzC74aDD_QnWHvT8sNnXUvwtSaR2y5wHybXLJy_bhOTBTw97S11whc3dq9C0qRKv2tXjGNhrEXV4-6jYgIQ
E_ANALYST_DATA	BRANCH_ADDED	analyst_data/6月30日，复盘资料，如期反弹_files/RCdSzC74aDD_QnWHvT8sNtESWCvezsiPOk6PEvubsj8wv5t3hSJndZcCOdHhYDBlk8xXexSC1CZccFnFO5JCHg
E_ANALYST_DATA	BRANCH_ADDED	analyst_data/6月30日，复盘资料，如期反弹_files/added_info.mrddymk0d5070eb5.css
E_ANALYST_DATA	BRANCH_ADDED	analyst_data/6月30日，复盘资料，如期反弹_files/appmsg.mrddymk00801af2a.js
E_ANALYST_DATA	BRANCH_ADDED	analyst_data/6月30日，复盘资料，如期反弹_files/appmsg_comment.mrddymk0ce02802d.css
E_ANALYST_DATA	BRANCH_ADDED	analyst_data/6月30日，复盘资料，如期反弹_files/article_bottom_bar.mrddymk06c2c73ca.css
E_ANALYST_DATA	BRANCH_ADDED	analyst_data/6月30日，复盘资料，如期反弹_files/channel_product_utils.mrddymk0199e90e4.css
E_ANALYST_DATA	BRANCH_ADDED	analyst_data/6月30日，复盘资料，如期反弹_files/cover_next.mrddymk0cd74238d.css
E_ANALYST_DATA	BRANCH_ADDED	analyst_data/6月30日，复盘资料，如期反弹_files/frame.html
E_ANALYST_DATA	BRANCH_ADDED	analyst_data/6月30日，复盘资料，如期反弹_files/gongyi.mrddymk08c152f31.css
E_ANALYST_DATA	BRANCH_ADDED	analyst_data/6月30日，复盘资料，如期反弹_files/handle_change_inter_identity.mrddymk014eec1a5.css
E_ANALYST_DATA	BRANCH_ADDED	analyst_data/6月30日，复盘资料，如期反弹_files/index.mrddymk0779cd8f2.css
E_ANALYST_DATA	BRANCH_ADDED	analyst_data/6月30日，复盘资料，如期反弹_files/keep_read.mrddymk09d142f2e.css
E_ANALYST_DATA	BRANCH_ADDED	analyst_data/6月30日，复盘资料，如期反弹_files/keyboard(1).mrddymk07906ec3f.css
E_ANALYST_DATA	BRANCH_ADDED	analyst_data/6月30日，复盘资料，如期反弹_files/keyboard.mrddymk07906ec3f.css
E_ANALYST_DATA	BRANCH_ADDED	analyst_data/6月30日，复盘资料，如期反弹_files/opqv3ix6k9E4e64ZzO7uIqE3ZblwIojfmt7u70m59yS1ylFK-hTu6Ra8V_LaWQJ1P4OlUJPdXLfVBtrm3TwRrw
E_ANALYST_DATA	BRANCH_ADDED	analyst_data/6月30日，复盘资料，如期反弹_files/polyfills-legacy.mrddymk0ef94810a.js
E_ANALYST_DATA	BRANCH_ADDED	analyst_data/6月30日，复盘资料，如期反弹_files/product_search.mrddymk0eb694068.css
E_ANALYST_DATA	BRANCH_ADDED	analyst_data/6月30日，复盘资料，如期反弹_files/product_search_word.mrddymk00a58245c.css
E_ANALYST_DATA	BRANCH_ADDED	analyst_data/6月30日，复盘资料，如期反弹_files/qqmail_tpl_vite_entry.mrddymk0637587cc.css
E_ANALYST_DATA	BRANCH_ADDED	analyst_data/6月30日，复盘资料，如期反弹_files/reward_close_tip.mrddymk02cdd5698.css
E_ANALYST_DATA	BRANCH_ADDED	analyst_data/6月30日，复盘资料，如期反弹_files/reward_list_dialog.mrddymk019e14573.css
E_ANALYST_DATA	BRANCH_ADDED	analyst_data/6月30日，复盘资料，如期反弹_files/search_fixed_bar.mrddymk09d63199b.css
E_ANALYST_DATA	BRANCH_ADDED	analyst_data/6月30日，复盘资料，如期反弹_files/sec_performance.mrddymk0ae94a0fa.css
E_ANALYST_DATA	BRANCH_ADDED	analyst_data/6月30日，复盘资料，如期反弹_files/tap_highlight(1).mrddymk021feed59.css
E_ANALYST_DATA	BRANCH_ADDED	analyst_data/6月30日，复盘资料，如期反弹_files/tap_highlight.mrddymk021feed59.css
E_ANALYST_DATA	BRANCH_ADDED	analyst_data/6月30日，复盘资料，如期反弹_files/tencent_portfolio_light.mrddymk0d5912b06.css
E_ANALYST_DATA	BRANCH_ADDED	analyst_data/6月30日，复盘资料，如期反弹_files/weui.min.css
E_ANALYST_DATA	BRANCH_ADDED	analyst_data/6月30日，复盘资料，如期反弹_files/weui.min.js
E_ANALYST_DATA	BRANCH_ADDED	analyst_data/6月30日，复盘资料，如期反弹_files/wxopensdk.js
E_ANALYST_DATA	BRANCH_ADDED	analyst_data/6月30日，复盘资料，如期反弹_files/wxwork_hidden.mrddymk0debb1bea.css
E_ANALYST_DATA	BRANCH_ADDED	analyst_data/7_8日复盘_DeepSeek完整结构版.md
E_ANALYST_DATA	BRANCH_ADDED	analyst_data/7月14日_deepseek_response.json
E_ANALYST_DATA	BRANCH_ADDED	analyst_data/7月14日_deepseek_response_images/image_007/extracted.json
E_ANALYST_DATA	BRANCH_ADDED	analyst_data/7月14日_deepseek_response_images/image_007/ocr.json
E_ANALYST_DATA	BRANCH_ADDED	analyst_data/7月14日_deepseek_response_images/image_007/route.json
E_ANALYST_DATA	BRANCH_ADDED	analyst_data/7月14日_deepseek_response_images/image_008/extracted.json
E_ANALYST_DATA	BRANCH_ADDED	analyst_data/7月14日_deepseek_response_images/image_008/ocr.json
E_ANALYST_DATA	BRANCH_ADDED	analyst_data/7月14日_deepseek_response_images/image_008/route.json
E_ANALYST_DATA	BRANCH_ADDED	analyst_data/7月14日_deepseek_response_images/image_009/extracted.json
E_ANALYST_DATA	BRANCH_ADDED	analyst_data/7月14日_deepseek_response_images/image_009/ocr.json
E_ANALYST_DATA	BRANCH_ADDED	analyst_data/7月14日_deepseek_response_images/image_009/route.json
E_ANALYST_DATA	BRANCH_ADDED	analyst_data/7月14日_deepseek_response_images/image_010/extracted.json
E_ANALYST_DATA	BRANCH_ADDED	analyst_data/7月14日_deepseek_response_images/image_010/ocr.json
E_ANALYST_DATA	BRANCH_ADDED	analyst_data/7月14日_deepseek_response_images/image_010/route.json
E_ANALYST_DATA	BRANCH_ADDED	analyst_data/7月14日_deepseek_response_images/image_011/extracted.json
E_ANALYST_DATA	BRANCH_ADDED	analyst_data/7月14日_deepseek_response_images/image_011/ocr.json
E_ANALYST_DATA	BRANCH_ADDED	analyst_data/7月14日_deepseek_response_images/image_011/route.json
E_ANALYST_DATA	BRANCH_ADDED	analyst_data/7月14日_deepseek_response_images/image_012/extracted.json
E_ANALYST_DATA	BRANCH_ADDED	analyst_data/7月14日_deepseek_response_images/image_012/ocr.json
E_ANALYST_DATA	BRANCH_ADDED	analyst_data/7月14日_deepseek_response_images/image_012/route.json
E_ANALYST_DATA	BRANCH_ADDED	analyst_data/7月14日_deepseek_response_images/image_013/extracted.json
E_ANALYST_DATA	BRANCH_ADDED	analyst_data/7月14日_deepseek_response_images/image_013/ocr.json
E_ANALYST_DATA	BRANCH_ADDED	analyst_data/7月14日_deepseek_response_images/image_013/route.json
E_ANALYST_DATA	BRANCH_ADDED	analyst_data/7月14日_deepseek_response_images/image_014/extracted.json
E_ANALYST_DATA	BRANCH_ADDED	analyst_data/7月14日_deepseek_response_images/image_014/ocr.json
E_ANALYST_DATA	BRANCH_ADDED	analyst_data/7月14日_deepseek_response_images/image_014/route.json
E_ANALYST_DATA	BRANCH_ADDED	analyst_data/7月14日_deepseek_response_images/image_015/extracted.json
E_ANALYST_DATA	BRANCH_ADDED	analyst_data/7月14日_deepseek_response_images/image_015/ocr.json
E_ANALYST_DATA	BRANCH_ADDED	analyst_data/7月14日_deepseek_response_images/image_015/route.json
E_ANALYST_DATA	BRANCH_ADDED	analyst_data/7月14日_deepseek_response_images/image_016/extracted.json
E_ANALYST_DATA	BRANCH_ADDED	analyst_data/7月14日_deepseek_response_images/image_016/ocr.json
E_ANALYST_DATA	BRANCH_ADDED	analyst_data/7月14日_deepseek_response_images/image_016/route.json
E_ANALYST_DATA	BRANCH_ADDED	analyst_data/7月14日_deepseek_response_images/image_017/extracted.json
E_ANALYST_DATA	BRANCH_ADDED	analyst_data/7月14日_deepseek_response_images/image_017/ocr.json
E_ANALYST_DATA	BRANCH_ADDED	analyst_data/7月14日_deepseek_response_images/image_017/route.json
E_ANALYST_DATA	BRANCH_ADDED	analyst_data/7月14日_deepseek_response_images/image_018/extracted.json
E_ANALYST_DATA	BRANCH_ADDED	analyst_data/7月14日_deepseek_response_images/image_018/ocr.json
E_ANALYST_DATA	BRANCH_ADDED	analyst_data/7月14日_deepseek_response_images/image_018/route.json
E_ANALYST_DATA	BRANCH_ADDED	analyst_data/7月14日_deepseek_response_images/image_019/extracted.json
E_ANALYST_DATA	BRANCH_ADDED	analyst_data/7月14日_deepseek_response_images/image_019/ocr.json
E_ANALYST_DATA	BRANCH_ADDED	analyst_data/7月14日_deepseek_response_images/image_019/route.json
E_ANALYST_DATA	BRANCH_ADDED	analyst_data/7月14日_deepseek_response_images/image_020/extracted.json
E_ANALYST_DATA	BRANCH_ADDED	analyst_data/7月14日_deepseek_response_images/image_020/ocr.json
E_ANALYST_DATA	BRANCH_ADDED	analyst_data/7月14日_deepseek_response_images/image_020/route.json
E_ANALYST_DATA	BRANCH_ADDED	analyst_data/7月14日_deepseek_response_images/image_021/extracted.json
E_ANALYST_DATA	BRANCH_ADDED	analyst_data/7月14日_deepseek_response_images/image_021/ocr.json
E_ANALYST_DATA	BRANCH_ADDED	analyst_data/7月14日_deepseek_response_images/image_021/route.json
E_ANALYST_DATA	BRANCH_ADDED	analyst_data/7月14日_deepseek_response_images/image_022/extracted.json
E_ANALYST_DATA	BRANCH_ADDED	analyst_data/7月14日_deepseek_response_images/image_022/ocr.json
E_ANALYST_DATA	BRANCH_ADDED	analyst_data/7月14日_deepseek_response_images/image_022/route.json
E_ANALYST_DATA	BRANCH_ADDED	analyst_data/7月14日_raw.json
E_ANALYST_DATA	BRANCH_ADDED	analyst_data/7月14日复盘.html
E_ANALYST_DATA	BRANCH_ADDED	analyst_data/7月14日复盘/0
E_ANALYST_DATA	BRANCH_ADDED	analyst_data/7月14日复盘/0(1)
E_ANALYST_DATA	BRANCH_ADDED	analyst_data/7月14日复盘/300
E_ANALYST_DATA	BRANCH_ADDED	analyst_data/7月14日复盘/640
E_ANALYST_DATA	BRANCH_ADDED	analyst_data/7月14日复盘/640(1)
E_ANALYST_DATA	BRANCH_ADDED	analyst_data/7月14日复盘/640(10)
E_ANALYST_DATA	BRANCH_ADDED	analyst_data/7月14日复盘/640(11)
E_ANALYST_DATA	BRANCH_ADDED	analyst_data/7月14日复盘/640(12)
E_ANALYST_DATA	BRANCH_ADDED	analyst_data/7月14日复盘/640(13)
E_ANALYST_DATA	BRANCH_ADDED	analyst_data/7月14日复盘/640(14)
E_ANALYST_DATA	BRANCH_ADDED	analyst_data/7月14日复盘/640(15)
E_ANALYST_DATA	BRANCH_ADDED	analyst_data/7月14日复盘/640(16)
E_ANALYST_DATA	BRANCH_ADDED	analyst_data/7月14日复盘/640(17)
E_ANALYST_DATA	BRANCH_ADDED	analyst_data/7月14日复盘/640(18)
E_ANALYST_DATA	BRANCH_ADDED	analyst_data/7月14日复盘/640(2)
E_ANALYST_DATA	BRANCH_ADDED	analyst_data/7月14日复盘/640(3)
E_ANALYST_DATA	BRANCH_ADDED	analyst_data/7月14日复盘/640(4)
E_ANALYST_DATA	BRANCH_ADDED	analyst_data/7月14日复盘/640(5)
E_ANALYST_DATA	BRANCH_ADDED	analyst_data/7月14日复盘/640(6)
E_ANALYST_DATA	BRANCH_ADDED	analyst_data/7月14日复盘/640(7)
E_ANALYST_DATA	BRANCH_ADDED	analyst_data/7月14日复盘/640(8)
E_ANALYST_DATA	BRANCH_ADDED	analyst_data/7月14日复盘/640(9)
E_ANALYST_DATA	BRANCH_ADDED	analyst_data/7月14日复盘/RCdSzC74aDD_QnWHvT8sNnXUvwtSaR2y5wHybXLJy_bhOTBTw97S11whc3dq9C0qRKv2tXjGNhrEXV4-6jYgIQ
E_ANALYST_DATA	BRANCH_ADDED	analyst_data/7月14日复盘/RCdSzC74aDD_QnWHvT8sNtESWCvezsiPOk6PEvubsj8wv5t3hSJndZcCOdHhYDBlk8xXexSC1CZccFnFO5JCHg
E_ANALYST_DATA	BRANCH_ADDED	analyst_data/7月14日复盘/added_info.mrkeqapbd5070eb5.css
E_ANALYST_DATA	BRANCH_ADDED	analyst_data/7月14日复盘/appmsg.mrkeqapb768516a7.js
E_ANALYST_DATA	BRANCH_ADDED	analyst_data/7月14日复盘/appmsg_comment.mrkeqapbce02802d.css
E_ANALYST_DATA	BRANCH_ADDED	analyst_data/7月14日复盘/article_bottom_bar.mrkeqapb6c2c73ca.css
E_ANALYST_DATA	BRANCH_ADDED	analyst_data/7月14日复盘/channel_product_utils.mrkeqapb199e90e4.css
E_ANALYST_DATA	BRANCH_ADDED	analyst_data/7月14日复盘/cover_next.mrkeqapbcd74238d.css
E_ANALYST_DATA	BRANCH_ADDED	analyst_data/7月14日复盘/frame.html
E_ANALYST_DATA	BRANCH_ADDED	analyst_data/7月14日复盘/gongyi.mrkeqapb8c152f31.css
E_ANALYST_DATA	BRANCH_ADDED	analyst_data/7月14日复盘/handle_change_inter_identity.mrkeqapb14eec1a5.css
E_ANALYST_DATA	BRANCH_ADDED	analyst_data/7月14日复盘/index.mrkeqapb779cd8f2.css
E_ANALYST_DATA	BRANCH_ADDED	analyst_data/7月14日复盘/keep_read.mrkeqapb9d142f2e.css
E_ANALYST_DATA	BRANCH_ADDED	analyst_data/7月14日复盘/keyboard(1).mrkeqapb7906ec3f.css
E_ANALYST_DATA	BRANCH_ADDED	analyst_data/7月14日复盘/keyboard.mrkeqapb7906ec3f.css
E_ANALYST_DATA	BRANCH_ADDED	analyst_data/7月14日复盘/opqv3ix6k9E4e64ZzO7uIqE3ZblwIojfmt7u70m59yS1ylFK-hTu6Ra8V_LaWQJ1P4OlUJPdXLfVBtrm3TwRrw
E_ANALYST_DATA	BRANCH_ADDED	analyst_data/7月14日复盘/polyfills-legacy.mrkeqapbef94810a.js
E_ANALYST_DATA	BRANCH_ADDED	analyst_data/7月14日复盘/product_search.mrkeqapbeb694068.css
E_ANALYST_DATA	BRANCH_ADDED	analyst_data/7月14日复盘/product_search_word.mrkeqapb0a58245c.css
E_ANALYST_DATA	BRANCH_ADDED	analyst_data/7月14日复盘/qqmail_tpl_vite_entry.mrkeqapb4931a107.css
E_ANALYST_DATA	BRANCH_ADDED	analyst_data/7月14日复盘/reward_close_tip.mrkeqapb2cdd5698.css
E_ANALYST_DATA	BRANCH_ADDED	analyst_data/7月14日复盘/reward_list_dialog.mrkeqapb19e14573.css
E_ANALYST_DATA	BRANCH_ADDED	analyst_data/7月14日复盘/search_fixed_bar.mrkeqapb9d63199b.css
E_ANALYST_DATA	BRANCH_ADDED	analyst_data/7月14日复盘/sec_performance.mrkeqapbae94a0fa.css
E_ANALYST_DATA	BRANCH_ADDED	analyst_data/7月14日复盘/tap_highlight(1).mrkeqapb21feed59.css
E_ANALYST_DATA	BRANCH_ADDED	analyst_data/7月14日复盘/tap_highlight.mrkeqapb21feed59.css
E_ANALYST_DATA	BRANCH_ADDED	analyst_data/7月14日复盘/tencent_portfolio_light.mrkeqapbd5912b06.css
E_ANALYST_DATA	BRANCH_ADDED	analyst_data/7月14日复盘/weui.min.css
E_ANALYST_DATA	BRANCH_ADDED	analyst_data/7月14日复盘/weui.min.js
E_ANALYST_DATA	BRANCH_ADDED	analyst_data/7月14日复盘/wxopensdk.js
E_ANALYST_DATA	BRANCH_ADDED	analyst_data/7月14日复盘/wxwork_hidden.mrkeqapbdebb1bea.css
E_ANALYST_DATA	BRANCH_ADDED	analyst_data/7月14日复盘_DeepSeek完整结构版.md
E_ANALYST_DATA	BRANCH_ADDED	analyst_data/7月14日复盘_DeepSeek完整结构版_images/.m8_ocr_cache/img_01_18055612_ocr.jpg
E_ANALYST_DATA	BRANCH_ADDED	analyst_data/7月14日复盘_DeepSeek完整结构版_images/.m8_ocr_cache/img_02_0e1168bc_ocr.jpg
E_ANALYST_DATA	BRANCH_ADDED	analyst_data/7月14日复盘_DeepSeek完整结构版_images/.m8_ocr_cache/img_03_f4591da2_ocr.jpg
E_ANALYST_DATA	BRANCH_ADDED	analyst_data/7月14日复盘_DeepSeek完整结构版_images/.m8_ocr_cache/img_04_08d210df_ocr.jpg
E_ANALYST_DATA	BRANCH_ADDED	analyst_data/7月14日复盘_DeepSeek完整结构版_images/.m8_ocr_cache/img_05_78e1b06b_ocr.jpg
E_ANALYST_DATA	BRANCH_ADDED	analyst_data/7月14日复盘_DeepSeek完整结构版_images/.m8_ocr_cache/img_06_9128062a_ocr.jpg
E_ANALYST_DATA	BRANCH_ADDED	analyst_data/7月14日复盘_DeepSeek完整结构版_images/.m8_ocr_cache/img_07_8bd78dc1_ocr.jpg
E_ANALYST_DATA	BRANCH_ADDED	analyst_data/7月14日复盘_DeepSeek完整结构版_images/.m8_ocr_cache/img_08_ce15f277_ocr.jpg
E_ANALYST_DATA	BRANCH_ADDED	analyst_data/7月14日复盘_DeepSeek完整结构版_images/.m8_ocr_cache/img_09_c64d7d4d_ocr.jpg
E_ANALYST_DATA	BRANCH_ADDED	analyst_data/7月14日复盘_DeepSeek完整结构版_images/.m8_ocr_cache/img_10_de9f420b_ocr.jpg
E_ANALYST_DATA	BRANCH_ADDED	analyst_data/7月14日复盘_DeepSeek完整结构版_images/.m8_ocr_cache/img_11_95f1f70d_ocr.jpg
E_ANALYST_DATA	BRANCH_ADDED	analyst_data/7月14日复盘_DeepSeek完整结构版_images/.m8_ocr_cache/img_12_95146c41_ocr.jpg
E_ANALYST_DATA	BRANCH_ADDED	analyst_data/7月14日复盘_DeepSeek完整结构版_images/.m8_ocr_cache/img_13_8c9fa5ee_ocr.jpg
E_ANALYST_DATA	BRANCH_ADDED	analyst_data/7月14日复盘_DeepSeek完整结构版_images/.m8_ocr_cache/img_14_6465904b_ocr.jpg
E_ANALYST_DATA	BRANCH_ADDED	analyst_data/7月14日复盘_DeepSeek完整结构版_images/.m8_ocr_cache/img_15_0cd82a66_ocr.jpg
E_ANALYST_DATA	BRANCH_ADDED	analyst_data/7月14日复盘_DeepSeek完整结构版_images/.m8_ocr_cache/img_16_0030ca97_ocr.jpg
E_ANALYST_DATA	BRANCH_ADDED	analyst_data/7月14日复盘_DeepSeek完整结构版_images/.m8_ocr_cache/img_17_0d19aa5b_ocr.jpg
E_ANALYST_DATA	BRANCH_ADDED	analyst_data/7月14日复盘_DeepSeek完整结构版_images/.m8_ocr_cache/img_18_8dbc19bd_ocr.jpg
E_ANALYST_DATA	BRANCH_ADDED	analyst_data/7月14日复盘_DeepSeek完整结构版_images/.m8_ocr_cache/img_19_f98986e9_ocr.jpg
E_ANALYST_DATA	BRANCH_ADDED	analyst_data/7月14日复盘_DeepSeek完整结构版_images/.m8_ocr_cache/img_20_079be389_ocr.jpg
E_ANALYST_DATA	BRANCH_ADDED	analyst_data/7月14日复盘_DeepSeek完整结构版_images/.m8_ocr_cache/img_21_fd15cb37_ocr.jpg
E_ANALYST_DATA	BRANCH_ADDED	analyst_data/7月14日复盘_DeepSeek完整结构版_images/.m8_ocr_cache/img_22_c606943b_part_001.jpg
E_ANALYST_DATA	BRANCH_ADDED	analyst_data/7月14日复盘_DeepSeek完整结构版_images/.m8_ocr_cache/img_22_c606943b_part_002.jpg
E_ANALYST_DATA	BRANCH_ADDED	analyst_data/7月14日复盘_DeepSeek完整结构版_images/img_01_18055612.webp
E_ANALYST_DATA	BRANCH_ADDED	analyst_data/7月14日复盘_DeepSeek完整结构版_images/img_02_0e1168bc.png
E_ANALYST_DATA	BRANCH_ADDED	analyst_data/7月14日复盘_DeepSeek完整结构版_images/img_03_f4591da2.png
E_ANALYST_DATA	BRANCH_ADDED	analyst_data/7月14日复盘_DeepSeek完整结构版_images/img_04_08d210df.png
E_ANALYST_DATA	BRANCH_ADDED	analyst_data/7月14日复盘_DeepSeek完整结构版_images/img_05_78e1b06b.jpg
E_ANALYST_DATA	BRANCH_ADDED	analyst_data/7月14日复盘_DeepSeek完整结构版_images/img_06_9128062a.jpg
E_ANALYST_DATA	BRANCH_ADDED	analyst_data/7月14日复盘_DeepSeek完整结构版_images/img_07_8bd78dc1.png
E_ANALYST_DATA	BRANCH_ADDED	analyst_data/7月14日复盘_DeepSeek完整结构版_images/img_08_ce15f277.png
E_ANALYST_DATA	BRANCH_ADDED	analyst_data/7月14日复盘_DeepSeek完整结构版_images/img_09_c64d7d4d.png
E_ANALYST_DATA	BRANCH_ADDED	analyst_data/7月14日复盘_DeepSeek完整结构版_images/img_10_de9f420b.png
E_ANALYST_DATA	BRANCH_ADDED	analyst_data/7月14日复盘_DeepSeek完整结构版_images/img_11_95f1f70d.png
E_ANALYST_DATA	BRANCH_ADDED	analyst_data/7月14日复盘_DeepSeek完整结构版_images/img_12_95146c41.png
E_ANALYST_DATA	BRANCH_ADDED	analyst_data/7月14日复盘_DeepSeek完整结构版_images/img_13_8c9fa5ee.png
E_ANALYST_DATA	BRANCH_ADDED	analyst_data/7月14日复盘_DeepSeek完整结构版_images/img_14_6465904b.png
E_ANALYST_DATA	BRANCH_ADDED	analyst_data/7月14日复盘_DeepSeek完整结构版_images/img_15_0cd82a66.png
E_ANALYST_DATA	BRANCH_ADDED	analyst_data/7月14日复盘_DeepSeek完整结构版_images/img_16_0030ca97.png
E_ANALYST_DATA	BRANCH_ADDED	analyst_data/7月14日复盘_DeepSeek完整结构版_images/img_17_0d19aa5b.png
E_ANALYST_DATA	BRANCH_ADDED	analyst_data/7月14日复盘_DeepSeek完整结构版_images/img_18_8dbc19bd.png
E_ANALYST_DATA	BRANCH_ADDED	analyst_data/7月14日复盘_DeepSeek完整结构版_images/img_19_f98986e9.png
E_ANALYST_DATA	BRANCH_ADDED	analyst_data/7月14日复盘_DeepSeek完整结构版_images/img_20_079be389.png
E_ANALYST_DATA	BRANCH_ADDED	analyst_data/7月14日复盘_DeepSeek完整结构版_images/img_21_fd15cb37.png
E_ANALYST_DATA	BRANCH_ADDED	analyst_data/7月14日复盘_DeepSeek完整结构版_images/img_22_c606943b.jpg
E_ANALYST_DATA	BRANCH_ADDED	analyst_data/7月15日_deepseek_response.json
E_ANALYST_DATA	BRANCH_ADDED	analyst_data/7月15日_images/.m8_ocr_cache/img_01_ocr.jpg
E_ANALYST_DATA	BRANCH_ADDED	analyst_data/7月15日_images/.m8_ocr_cache/img_02_ocr.jpg
E_ANALYST_DATA	BRANCH_ADDED	analyst_data/7月15日_images/.m8_ocr_cache/img_06_ocr.jpg
E_ANALYST_DATA	BRANCH_ADDED	analyst_data/7月15日_images/.m8_ocr_cache/img_07_ocr.jpg
E_ANALYST_DATA	BRANCH_ADDED	analyst_data/7月15日_images/.m8_ocr_cache/img_08_ocr.jpg
E_ANALYST_DATA	BRANCH_ADDED	analyst_data/7月15日_images/.m8_ocr_cache/img_09_ocr.jpg
E_ANALYST_DATA	BRANCH_ADDED	analyst_data/7月15日_images/.m8_ocr_cache/img_10_ocr.jpg
E_ANALYST_DATA	BRANCH_ADDED	analyst_data/7月15日_images/.m8_ocr_cache/img_11_ocr.jpg
E_ANALYST_DATA	BRANCH_ADDED	analyst_data/7月15日_images/.m8_ocr_cache/img_12_ocr.jpg
E_ANALYST_DATA	BRANCH_ADDED	analyst_data/7月15日_images/.m8_ocr_cache/img_13_ocr.jpg
E_ANALYST_DATA	BRANCH_ADDED	analyst_data/7月15日_images/.m8_ocr_cache/img_14_ocr.jpg
E_ANALYST_DATA	BRANCH_ADDED	analyst_data/7月15日_images/.m8_ocr_cache/img_15_ocr.jpg
E_ANALYST_DATA	BRANCH_ADDED	analyst_data/7月15日_images/.m8_ocr_cache/img_16_ocr.jpg
E_ANALYST_DATA	BRANCH_ADDED	analyst_data/7月15日_images/.m8_ocr_cache/img_17_ocr.jpg
E_ANALYST_DATA	BRANCH_ADDED	analyst_data/7月15日_images/.m8_ocr_cache/img_18_ocr.jpg
E_ANALYST_DATA	BRANCH_ADDED	analyst_data/7月15日_images/.m8_ocr_cache/img_19_ocr.jpg
E_ANALYST_DATA	BRANCH_ADDED	analyst_data/7月15日_images/.m8_ocr_cache/img_20_ocr.jpg
E_ANALYST_DATA	BRANCH_ADDED	analyst_data/7月15日_images/.m8_ocr_cache/img_21_part_001.jpg
E_ANALYST_DATA	BRANCH_ADDED	analyst_data/7月15日_images/.m8_ocr_cache/img_21_part_002.jpg
E_ANALYST_DATA	BRANCH_ADDED	analyst_data/7月15日_images/img_01.jpg
E_ANALYST_DATA	BRANCH_ADDED	analyst_data/7月15日_images/img_02.jpg
E_ANALYST_DATA	BRANCH_ADDED	analyst_data/7月15日_images/img_06.jpg
E_ANALYST_DATA	BRANCH_ADDED	analyst_data/7月15日_images/img_07.jpg
E_ANALYST_DATA	BRANCH_ADDED	analyst_data/7月15日_images/img_08.jpg
E_ANALYST_DATA	BRANCH_ADDED	analyst_data/7月15日_images/img_09.jpg
E_ANALYST_DATA	BRANCH_ADDED	analyst_data/7月15日_images/img_10.jpg
E_ANALYST_DATA	BRANCH_ADDED	analyst_data/7月15日_images/img_11.jpg
E_ANALYST_DATA	BRANCH_ADDED	analyst_data/7月15日_images/img_12.jpg
E_ANALYST_DATA	BRANCH_ADDED	analyst_data/7月15日_images/img_13.jpg
E_ANALYST_DATA	BRANCH_ADDED	analyst_data/7月15日_images/img_14.jpg
E_ANALYST_DATA	BRANCH_ADDED	analyst_data/7月15日_images/img_15.jpg
E_ANALYST_DATA	BRANCH_ADDED	analyst_data/7月15日_images/img_16.jpg
E_ANALYST_DATA	BRANCH_ADDED	analyst_data/7月15日_images/img_17.jpg
E_ANALYST_DATA	BRANCH_ADDED	analyst_data/7月15日_images/img_18.jpg
E_ANALYST_DATA	BRANCH_ADDED	analyst_data/7月15日_images/img_19.jpg
E_ANALYST_DATA	BRANCH_ADDED	analyst_data/7月15日_images/img_20.jpg
E_ANALYST_DATA	BRANCH_ADDED	analyst_data/7月15日_images/img_21.jpg
E_ANALYST_DATA	BRANCH_ADDED	analyst_data/7月15日复盘.html
E_ANALYST_DATA	BRANCH_ADDED	analyst_data/7月15日复盘/0
E_ANALYST_DATA	BRANCH_ADDED	analyst_data/7月15日复盘/0(1)
E_ANALYST_DATA	BRANCH_ADDED	analyst_data/7月15日复盘/300
E_ANALYST_DATA	BRANCH_ADDED	analyst_data/7月15日复盘/640
E_ANALYST_DATA	BRANCH_ADDED	analyst_data/7月15日复盘/640(1)
E_ANALYST_DATA	BRANCH_ADDED	analyst_data/7月15日复盘/640(10)
E_ANALYST_DATA	BRANCH_ADDED	analyst_data/7月15日复盘/640(11)
E_ANALYST_DATA	BRANCH_ADDED	analyst_data/7月15日复盘/640(12)
E_ANALYST_DATA	BRANCH_ADDED	analyst_data/7月15日复盘/640(13)
E_ANALYST_DATA	BRANCH_ADDED	analyst_data/7月15日复盘/640(14)
E_ANALYST_DATA	BRANCH_ADDED	analyst_data/7月15日复盘/640(15)
E_ANALYST_DATA	BRANCH_ADDED	analyst_data/7月15日复盘/640(16)
E_ANALYST_DATA	BRANCH_ADDED	analyst_data/7月15日复盘/640(17)
E_ANALYST_DATA	BRANCH_ADDED	analyst_data/7月15日复盘/640(2)
E_ANALYST_DATA	BRANCH_ADDED	analyst_data/7月15日复盘/640(3)
E_ANALYST_DATA	BRANCH_ADDED	analyst_data/7月15日复盘/640(4)
E_ANALYST_DATA	BRANCH_ADDED	analyst_data/7月15日复盘/640(5)
E_ANALYST_DATA	BRANCH_ADDED	analyst_data/7月15日复盘/640(6)
E_ANALYST_DATA	BRANCH_ADDED	analyst_data/7月15日复盘/640(7)
E_ANALYST_DATA	BRANCH_ADDED	analyst_data/7月15日复盘/640(8)
E_ANALYST_DATA	BRANCH_ADDED	analyst_data/7月15日复盘/640(9)
E_ANALYST_DATA	BRANCH_ADDED	analyst_data/7月15日复盘/RCdSzC74aDD_QnWHvT8sNnXUvwtSaR2y5wHybXLJy_bhOTBTw97S11whc3dq9C0qRKv2tXjGNhrEXV4-6jYgIQ
E_ANALYST_DATA	BRANCH_ADDED	analyst_data/7月15日复盘/RCdSzC74aDD_QnWHvT8sNtESWCvezsiPOk6PEvubsj8wv5t3hSJndZcCOdHhYDBlk8xXexSC1CZccFnFO5JCHg
E_ANALYST_DATA	BRANCH_ADDED	analyst_data/7月15日复盘/added_info.mrkeqapbd5070eb5.css
E_ANALYST_DATA	BRANCH_ADDED	analyst_data/7月15日复盘/appmsg.mrkeqapb768516a7.js
E_ANALYST_DATA	BRANCH_ADDED	analyst_data/7月15日复盘/appmsg_comment.mrkeqapbce02802d.css
E_ANALYST_DATA	BRANCH_ADDED	analyst_data/7月15日复盘/article_bottom_bar.mrkeqapb6c2c73ca.css
E_ANALYST_DATA	BRANCH_ADDED	analyst_data/7月15日复盘/channel_product_utils.mrkeqapb199e90e4.css
E_ANALYST_DATA	BRANCH_ADDED	analyst_data/7月15日复盘/cover_next.mrkeqapbcd74238d.css
E_ANALYST_DATA	BRANCH_ADDED	analyst_data/7月15日复盘/frame.html
E_ANALYST_DATA	BRANCH_ADDED	analyst_data/7月15日复盘/gongyi.mrkeqapb8c152f31.css
E_ANALYST_DATA	BRANCH_ADDED	analyst_data/7月15日复盘/handle_change_inter_identity.mrkeqapb14eec1a5.css
E_ANALYST_DATA	BRANCH_ADDED	analyst_data/7月15日复盘/index.mrkeqapb779cd8f2.css
E_ANALYST_DATA	BRANCH_ADDED	analyst_data/7月15日复盘/keep_read.mrkeqapb9d142f2e.css
E_ANALYST_DATA	BRANCH_ADDED	analyst_data/7月15日复盘/keyboard(1).mrkeqapb7906ec3f.css
E_ANALYST_DATA	BRANCH_ADDED	analyst_data/7月15日复盘/keyboard.mrkeqapb7906ec3f.css
E_ANALYST_DATA	BRANCH_ADDED	analyst_data/7月15日复盘/opqv3ix6k9E4e64ZzO7uIqE3ZblwIojfmt7u70m59yS1ylFK-hTu6Ra8V_LaWQJ1P4OlUJPdXLfVBtrm3TwRrw
E_ANALYST_DATA	BRANCH_ADDED	analyst_data/7月15日复盘/polyfills-legacy.mrkeqapbef94810a.js
E_ANALYST_DATA	BRANCH_ADDED	analyst_data/7月15日复盘/product_search.mrkeqapbeb694068.css
E_ANALYST_DATA	BRANCH_ADDED	analyst_data/7月15日复盘/product_search_word.mrkeqapb0a58245c.css
E_ANALYST_DATA	BRANCH_ADDED	analyst_data/7月15日复盘/qqmail_tpl_vite_entry.mrkeqapb4931a107.css
E_ANALYST_DATA	BRANCH_ADDED	analyst_data/7月15日复盘/reward_close_tip.mrkeqapb2cdd5698.css
E_ANALYST_DATA	BRANCH_ADDED	analyst_data/7月15日复盘/reward_list_dialog.mrkeqapb19e14573.css
E_ANALYST_DATA	BRANCH_ADDED	analyst_data/7月15日复盘/search_fixed_bar.mrkeqapb9d63199b.css
E_ANALYST_DATA	BRANCH_ADDED	analyst_data/7月15日复盘/sec_performance.mrkeqapbae94a0fa.css
E_ANALYST_DATA	BRANCH_ADDED	analyst_data/7月15日复盘/tap_highlight(1).mrkeqapb21feed59.css
E_ANALYST_DATA	BRANCH_ADDED	analyst_data/7月15日复盘/tap_highlight.mrkeqapb21feed59.css
E_ANALYST_DATA	BRANCH_ADDED	analyst_data/7月15日复盘/tencent_portfolio_light.mrkeqapbd5912b06.css
E_ANALYST_DATA	BRANCH_ADDED	analyst_data/7月15日复盘/weui.min.css
E_ANALYST_DATA	BRANCH_ADDED	analyst_data/7月15日复盘/weui.min.js
E_ANALYST_DATA	BRANCH_ADDED	analyst_data/7月15日复盘/wxopensdk.js
E_ANALYST_DATA	BRANCH_ADDED	analyst_data/7月15日复盘/wxwork_hidden.mrkeqapbdebb1bea.css
E_ANALYST_DATA	BRANCH_ADDED	analyst_data/7月15日复盘_DeepSeek完整结构版_images/.m8_ocr_cache/img_01_42dc8d42_ocr.jpg
E_ANALYST_DATA	BRANCH_ADDED	analyst_data/7月15日复盘_DeepSeek完整结构版_images/.m8_ocr_cache/img_02_2c7d7107_ocr.jpg
E_ANALYST_DATA	BRANCH_ADDED	analyst_data/7月15日复盘_DeepSeek完整结构版_images/.m8_ocr_cache/img_03_08d210df_ocr.jpg
E_ANALYST_DATA	BRANCH_ADDED	analyst_data/7月15日复盘_DeepSeek完整结构版_images/.m8_ocr_cache/img_04_f369e35d_ocr.jpg
E_ANALYST_DATA	BRANCH_ADDED	analyst_data/7月15日复盘_DeepSeek完整结构版_images/.m8_ocr_cache/img_05_2eb95a74_ocr.jpg
E_ANALYST_DATA	BRANCH_ADDED	analyst_data/7月15日复盘_DeepSeek完整结构版_images/.m8_ocr_cache/img_06_0c6a52c4_ocr.jpg
E_ANALYST_DATA	BRANCH_ADDED	analyst_data/7月15日复盘_DeepSeek完整结构版_images/.m8_ocr_cache/img_07_65679570_ocr.jpg
E_ANALYST_DATA	BRANCH_ADDED	analyst_data/7月15日复盘_DeepSeek完整结构版_images/.m8_ocr_cache/img_08_1c6676d6_ocr.jpg
E_ANALYST_DATA	BRANCH_ADDED	analyst_data/7月15日复盘_DeepSeek完整结构版_images/.m8_ocr_cache/img_09_c49656f6_ocr.jpg
E_ANALYST_DATA	BRANCH_ADDED	analyst_data/7月15日复盘_DeepSeek完整结构版_images/.m8_ocr_cache/img_10_355c02dd_ocr.jpg
E_ANALYST_DATA	BRANCH_ADDED	analyst_data/7月15日复盘_DeepSeek完整结构版_images/.m8_ocr_cache/img_11_ee0a1eaf_ocr.jpg
E_ANALYST_DATA	BRANCH_ADDED	analyst_data/7月15日复盘_DeepSeek完整结构版_images/.m8_ocr_cache/img_12_99e3727e_ocr.jpg
E_ANALYST_DATA	BRANCH_ADDED	analyst_data/7月15日复盘_DeepSeek完整结构版_images/.m8_ocr_cache/img_13_cb2c7fde_ocr.jpg
E_ANALYST_DATA	BRANCH_ADDED	analyst_data/7月15日复盘_DeepSeek完整结构版_images/.m8_ocr_cache/img_14_1df3e000_ocr.jpg
E_ANALYST_DATA	BRANCH_ADDED	analyst_data/7月15日复盘_DeepSeek完整结构版_images/.m8_ocr_cache/img_15_68ddb9f5_ocr.jpg
E_ANALYST_DATA	BRANCH_ADDED	analyst_data/7月15日复盘_DeepSeek完整结构版_images/.m8_ocr_cache/img_16_5991e9db_ocr.jpg
E_ANALYST_DATA	BRANCH_ADDED	analyst_data/7月15日复盘_DeepSeek完整结构版_images/.m8_ocr_cache/img_17_610c3750_ocr.jpg
E_ANALYST_DATA	BRANCH_ADDED	analyst_data/7月15日复盘_DeepSeek完整结构版_images/.m8_ocr_cache/img_18_fe5cadb7_ocr.jpg
E_ANALYST_DATA	BRANCH_ADDED	analyst_data/7月15日复盘_DeepSeek完整结构版_images/.m8_ocr_cache/img_19_3569c279_ocr.jpg
E_ANALYST_DATA	BRANCH_ADDED	analyst_data/7月15日复盘_DeepSeek完整结构版_images/.m8_ocr_cache/img_20_5747ecae_ocr.jpg
E_ANALYST_DATA	BRANCH_ADDED	analyst_data/7月15日复盘_DeepSeek完整结构版_images/.m8_ocr_cache/img_21_967f1e8a_part_001.jpg
E_ANALYST_DATA	BRANCH_ADDED	analyst_data/7月15日复盘_DeepSeek完整结构版_images/.m8_ocr_cache/img_21_967f1e8a_part_002.jpg
E_ANALYST_DATA	BRANCH_ADDED	analyst_data/7月15日复盘_DeepSeek完整结构版_images/img_01_42dc8d42.webp
E_ANALYST_DATA	BRANCH_ADDED	analyst_data/7月15日复盘_DeepSeek完整结构版_images/img_02_2c7d7107.png
E_ANALYST_DATA	BRANCH_ADDED	analyst_data/7月15日复盘_DeepSeek完整结构版_images/img_03_08d210df.png
E_ANALYST_DATA	BRANCH_ADDED	analyst_data/7月15日复盘_DeepSeek完整结构版_images/img_04_f369e35d.jpg
E_ANALYST_DATA	BRANCH_ADDED	analyst_data/7月15日复盘_DeepSeek完整结构版_images/img_05_2eb95a74.jpg
E_ANALYST_DATA	BRANCH_ADDED	analyst_data/7月15日复盘_DeepSeek完整结构版_images/img_06_0c6a52c4.png
E_ANALYST_DATA	BRANCH_ADDED	analyst_data/7月15日复盘_DeepSeek完整结构版_images/img_07_65679570.png
E_ANALYST_DATA	BRANCH_ADDED	analyst_data/7月15日复盘_DeepSeek完整结构版_images/img_08_1c6676d6.png
E_ANALYST_DATA	BRANCH_ADDED	analyst_data/7月15日复盘_DeepSeek完整结构版_images/img_09_c49656f6.png
E_ANALYST_DATA	BRANCH_ADDED	analyst_data/7月15日复盘_DeepSeek完整结构版_images/img_10_355c02dd.png
E_ANALYST_DATA	BRANCH_ADDED	analyst_data/7月15日复盘_DeepSeek完整结构版_images/img_11_ee0a1eaf.png
E_ANALYST_DATA	BRANCH_ADDED	analyst_data/7月15日复盘_DeepSeek完整结构版_images/img_12_99e3727e.png
E_ANALYST_DATA	BRANCH_ADDED	analyst_data/7月15日复盘_DeepSeek完整结构版_images/img_13_cb2c7fde.png
E_ANALYST_DATA	BRANCH_ADDED	analyst_data/7月15日复盘_DeepSeek完整结构版_images/img_14_1df3e000.png
E_ANALYST_DATA	BRANCH_ADDED	analyst_data/7月15日复盘_DeepSeek完整结构版_images/img_15_68ddb9f5.png
E_ANALYST_DATA	BRANCH_ADDED	analyst_data/7月15日复盘_DeepSeek完整结构版_images/img_16_5991e9db.png
E_ANALYST_DATA	BRANCH_ADDED	analyst_data/7月15日复盘_DeepSeek完整结构版_images/img_17_610c3750.png
E_ANALYST_DATA	BRANCH_ADDED	analyst_data/7月15日复盘_DeepSeek完整结构版_images/img_18_fe5cadb7.png
E_ANALYST_DATA	BRANCH_ADDED	analyst_data/7月15日复盘_DeepSeek完整结构版_images/img_19_3569c279.png
E_ANALYST_DATA	BRANCH_ADDED	analyst_data/7月15日复盘_DeepSeek完整结构版_images/img_20_5747ecae.png
E_ANALYST_DATA	BRANCH_ADDED	analyst_data/7月15日复盘_DeepSeek完整结构版_images/img_21_967f1e8a.jpg
E_ANALYST_DATA	BRANCH_ADDED	analyst_data/7月16日_images/.m8_ocr_cache/img_01_ocr.jpg
E_ANALYST_DATA	BRANCH_ADDED	analyst_data/7月16日_images/.m8_ocr_cache/img_04_ocr.jpg
E_ANALYST_DATA	BRANCH_ADDED	analyst_data/7月16日_images/.m8_ocr_cache/img_05_ocr.jpg
E_ANALYST_DATA	BRANCH_ADDED	analyst_data/7月16日_images/.m8_ocr_cache/img_06_ocr.jpg
E_ANALYST_DATA	BRANCH_ADDED	analyst_data/7月16日_images/.m8_ocr_cache/img_07_ocr.jpg
E_ANALYST_DATA	BRANCH_ADDED	analyst_data/7月16日_images/.m8_ocr_cache/img_08_ocr.jpg
E_ANALYST_DATA	BRANCH_ADDED	analyst_data/7月16日_images/.m8_ocr_cache/img_09_ocr.jpg
E_ANALYST_DATA	BRANCH_ADDED	analyst_data/7月16日_images/.m8_ocr_cache/img_10_ocr.jpg
E_ANALYST_DATA	BRANCH_ADDED	analyst_data/7月16日_images/.m8_ocr_cache/img_11_ocr.jpg
E_ANALYST_DATA	BRANCH_ADDED	analyst_data/7月16日_images/.m8_ocr_cache/img_12_ocr.jpg
E_ANALYST_DATA	BRANCH_ADDED	analyst_data/7月16日_images/.m8_ocr_cache/img_13_ocr.jpg
E_ANALYST_DATA	BRANCH_ADDED	analyst_data/7月16日_images/.m8_ocr_cache/img_14_ocr.jpg
E_ANALYST_DATA	BRANCH_ADDED	analyst_data/7月16日_images/.m8_ocr_cache/img_15_ocr.jpg
E_ANALYST_DATA	BRANCH_ADDED	analyst_data/7月16日_images/.m8_ocr_cache/img_16_ocr.jpg
E_ANALYST_DATA	BRANCH_ADDED	analyst_data/7月16日_images/.m8_ocr_cache/img_17_ocr.jpg
E_ANALYST_DATA	BRANCH_ADDED	analyst_data/7月16日_images/.m8_ocr_cache/img_18_ocr.jpg
E_ANALYST_DATA	BRANCH_ADDED	analyst_data/7月16日_images/.m8_ocr_cache/img_19_part_001.jpg
E_ANALYST_DATA	BRANCH_ADDED	analyst_data/7月16日_images/.m8_ocr_cache/img_19_part_002.jpg
E_ANALYST_DATA	BRANCH_ADDED	analyst_data/7月16日_images/img_01.jpg
E_ANALYST_DATA	BRANCH_ADDED	analyst_data/7月16日_images/img_04.jpg
E_ANALYST_DATA	BRANCH_ADDED	analyst_data/7月16日_images/img_05.jpg
E_ANALYST_DATA	BRANCH_ADDED	analyst_data/7月16日_images/img_06.jpg
E_ANALYST_DATA	BRANCH_ADDED	analyst_data/7月16日_images/img_07.jpg
E_ANALYST_DATA	BRANCH_ADDED	analyst_data/7月16日_images/img_08.jpg
E_ANALYST_DATA	BRANCH_ADDED	analyst_data/7月16日_images/img_09.jpg
E_ANALYST_DATA	BRANCH_ADDED	analyst_data/7月16日_images/img_10.jpg
E_ANALYST_DATA	BRANCH_ADDED	analyst_data/7月16日_images/img_11.jpg
E_ANALYST_DATA	BRANCH_ADDED	analyst_data/7月16日_images/img_12.jpg
E_ANALYST_DATA	BRANCH_ADDED	analyst_data/7月16日_images/img_13.jpg
E_ANALYST_DATA	BRANCH_ADDED	analyst_data/7月16日_images/img_14.jpg
E_ANALYST_DATA	BRANCH_ADDED	analyst_data/7月16日_images/img_15.jpg
E_ANALYST_DATA	BRANCH_ADDED	analyst_data/7月16日_images/img_16.jpg
E_ANALYST_DATA	BRANCH_ADDED	analyst_data/7月16日_images/img_17.jpg
E_ANALYST_DATA	BRANCH_ADDED	analyst_data/7月16日_images/img_18.jpg
E_ANALYST_DATA	BRANCH_ADDED	analyst_data/7月16日_images/img_19.jpg
E_ANALYST_DATA	BRANCH_ADDED	analyst_data/7月16日，明早见.html
E_ANALYST_DATA	BRANCH_ADDED	analyst_data/7月16日，明早见_files/0
E_ANALYST_DATA	BRANCH_ADDED	analyst_data/7月16日，明早见_files/0(1)
E_ANALYST_DATA	BRANCH_ADDED	analyst_data/7月16日，明早见_files/300
E_ANALYST_DATA	BRANCH_ADDED	analyst_data/7月16日，明早见_files/640
E_ANALYST_DATA	BRANCH_ADDED	analyst_data/7月16日，明早见_files/640(1)
E_ANALYST_DATA	BRANCH_ADDED	analyst_data/7月16日，明早见_files/640(10)
E_ANALYST_DATA	BRANCH_ADDED	analyst_data/7月16日，明早见_files/640(11)
E_ANALYST_DATA	BRANCH_ADDED	analyst_data/7月16日，明早见_files/640(12)
E_ANALYST_DATA	BRANCH_ADDED	analyst_data/7月16日，明早见_files/640(13)
E_ANALYST_DATA	BRANCH_ADDED	analyst_data/7月16日，明早见_files/640(14)
E_ANALYST_DATA	BRANCH_ADDED	analyst_data/7月16日，明早见_files/640(15)
E_ANALYST_DATA	BRANCH_ADDED	analyst_data/7月16日，明早见_files/640(16)
E_ANALYST_DATA	BRANCH_ADDED	analyst_data/7月16日，明早见_files/640(2)
E_ANALYST_DATA	BRANCH_ADDED	analyst_data/7月16日，明早见_files/640(3)
E_ANALYST_DATA	BRANCH_ADDED	analyst_data/7月16日，明早见_files/640(4)
E_ANALYST_DATA	BRANCH_ADDED	analyst_data/7月16日，明早见_files/640(5)
E_ANALYST_DATA	BRANCH_ADDED	analyst_data/7月16日，明早见_files/640(6)
E_ANALYST_DATA	BRANCH_ADDED	analyst_data/7月16日，明早见_files/640(7)
E_ANALYST_DATA	BRANCH_ADDED	analyst_data/7月16日，明早见_files/640(8)
E_ANALYST_DATA	BRANCH_ADDED	analyst_data/7月16日，明早见_files/640(9)
E_ANALYST_DATA	BRANCH_ADDED	analyst_data/7月16日，明早见_files/RCdSzC74aDD_QnWHvT8sNnXUvwtSaR2y5wHybXLJy_bhOTBTw97S11whc3dq9C0qRKv2tXjGNhrEXV4-6jYgIQ
E_ANALYST_DATA	BRANCH_ADDED	analyst_data/7月16日，明早见_files/RCdSzC74aDD_QnWHvT8sNtESWCvezsiPOk6PEvubsj8wv5t3hSJndZcCOdHhYDBlk8xXexSC1CZccFnFO5JCHg
E_ANALYST_DATA	BRANCH_ADDED	analyst_data/7月16日，明早见_files/added_info.mrn50p25d5070eb5.css
E_ANALYST_DATA	BRANCH_ADDED	analyst_data/7月16日，明早见_files/appmsg.mrn50p2527fbc035.js
E_ANALYST_DATA	BRANCH_ADDED	analyst_data/7月16日，明早见_files/appmsg_comment.mrn50p25ce02802d.css
E_ANALYST_DATA	BRANCH_ADDED	analyst_data/7月16日，明早见_files/article_bottom_bar.mrn50p256c2c73ca.css
E_ANALYST_DATA	BRANCH_ADDED	analyst_data/7月16日，明早见_files/channel_product_utils.mrn50p25199e90e4.css
E_ANALYST_DATA	BRANCH_ADDED	analyst_data/7月16日，明早见_files/cover_next.mrn50p25cd74238d.css
E_ANALYST_DATA	BRANCH_ADDED	analyst_data/7月16日，明早见_files/frame.html
E_ANALYST_DATA	BRANCH_ADDED	analyst_data/7月16日，明早见_files/gongyi.mrn50p258c152f31.css
E_ANALYST_DATA	BRANCH_ADDED	analyst_data/7月16日，明早见_files/handle_change_inter_identity.mrn50p2514eec1a5.css
E_ANALYST_DATA	BRANCH_ADDED	analyst_data/7月16日，明早见_files/index.mrn50p25779cd8f2.css
E_ANALYST_DATA	BRANCH_ADDED	analyst_data/7月16日，明早见_files/keep_read.mrn50p259d142f2e.css
E_ANALYST_DATA	BRANCH_ADDED	analyst_data/7月16日，明早见_files/keyboard(1).mrn50p257906ec3f.css
E_ANALYST_DATA	BRANCH_ADDED	analyst_data/7月16日，明早见_files/keyboard.mrn50p257906ec3f.css
E_ANALYST_DATA	BRANCH_ADDED	analyst_data/7月16日，明早见_files/opqv3ix6k9E4e64ZzO7uIqE3ZblwIojfmt7u70m59yS1ylFK-hTu6Ra8V_LaWQJ1P4OlUJPdXLfVBtrm3TwRrw
E_ANALYST_DATA	BRANCH_ADDED	analyst_data/7月16日，明早见_files/polyfills-legacy.mrn50p25ef94810a.js
E_ANALYST_DATA	BRANCH_ADDED	analyst_data/7月16日，明早见_files/product_search.mrn50p25eb694068.css
E_ANALYST_DATA	BRANCH_ADDED	analyst_data/7月16日，明早见_files/product_search_word.mrn50p250a58245c.css
E_ANALYST_DATA	BRANCH_ADDED	analyst_data/7月16日，明早见_files/qqmail_tpl_vite_entry.mrn50p254931a107.css
E_ANALYST_DATA	BRANCH_ADDED	analyst_data/7月16日，明早见_files/reward_close_tip.mrn50p252cdd5698.css
E_ANALYST_DATA	BRANCH_ADDED	analyst_data/7月16日，明早见_files/reward_list_dialog.mrn50p2519e14573.css
E_ANALYST_DATA	BRANCH_ADDED	analyst_data/7月16日，明早见_files/search_fixed_bar.mrn50p259d63199b.css
E_ANALYST_DATA	BRANCH_ADDED	analyst_data/7月16日，明早见_files/sec_performance.mrn50p25ae94a0fa.css
E_ANALYST_DATA	BRANCH_ADDED	analyst_data/7月16日，明早见_files/tap_highlight(1).mrn50p2521feed59.css
E_ANALYST_DATA	BRANCH_ADDED	analyst_data/7月16日，明早见_files/tap_highlight.mrn50p2521feed59.css
E_ANALYST_DATA	BRANCH_ADDED	analyst_data/7月16日，明早见_files/tencent_portfolio_light.mrn50p25d5912b06.css
E_ANALYST_DATA	BRANCH_ADDED	analyst_data/7月16日，明早见_files/weui.min.css
E_ANALYST_DATA	BRANCH_ADDED	analyst_data/7月16日，明早见_files/weui.min.js
E_ANALYST_DATA	BRANCH_ADDED	analyst_data/7月16日，明早见_files/wxopensdk.js
E_ANALYST_DATA	BRANCH_ADDED	analyst_data/7月16日，明早见_files/wxwork_hidden.mrn50p25debb1bea.css
E_ANALYST_DATA	BRANCH_ADDED	analyst_data/7月1日，复盘资料，始终跟随主线板块.html
E_ANALYST_DATA	BRANCH_ADDED	analyst_data/7月1日，复盘资料，始终跟随主线板块_files/0
E_ANALYST_DATA	BRANCH_ADDED	analyst_data/7月1日，复盘资料，始终跟随主线板块_files/0(1)
E_ANALYST_DATA	BRANCH_ADDED	analyst_data/7月1日，复盘资料，始终跟随主线板块_files/300
E_ANALYST_DATA	BRANCH_ADDED	analyst_data/7月1日，复盘资料，始终跟随主线板块_files/640
E_ANALYST_DATA	BRANCH_ADDED	analyst_data/7月1日，复盘资料，始终跟随主线板块_files/640(1)
E_ANALYST_DATA	BRANCH_ADDED	analyst_data/7月1日，复盘资料，始终跟随主线板块_files/640(10)
E_ANALYST_DATA	BRANCH_ADDED	analyst_data/7月1日，复盘资料，始终跟随主线板块_files/640(11)
E_ANALYST_DATA	BRANCH_ADDED	analyst_data/7月1日，复盘资料，始终跟随主线板块_files/640(12)
E_ANALYST_DATA	BRANCH_ADDED	analyst_data/7月1日，复盘资料，始终跟随主线板块_files/640(13)
E_ANALYST_DATA	BRANCH_ADDED	analyst_data/7月1日，复盘资料，始终跟随主线板块_files/640(14)
E_ANALYST_DATA	BRANCH_ADDED	analyst_data/7月1日，复盘资料，始终跟随主线板块_files/640(15)
E_ANALYST_DATA	BRANCH_ADDED	analyst_data/7月1日，复盘资料，始终跟随主线板块_files/640(2)
E_ANALYST_DATA	BRANCH_ADDED	analyst_data/7月1日，复盘资料，始终跟随主线板块_files/640(3)
E_ANALYST_DATA	BRANCH_ADDED	analyst_data/7月1日，复盘资料，始终跟随主线板块_files/640(4)
E_ANALYST_DATA	BRANCH_ADDED	analyst_data/7月1日，复盘资料，始终跟随主线板块_files/640(5)
E_ANALYST_DATA	BRANCH_ADDED	analyst_data/7月1日，复盘资料，始终跟随主线板块_files/640(6)
E_ANALYST_DATA	BRANCH_ADDED	analyst_data/7月1日，复盘资料，始终跟随主线板块_files/640(7)
E_ANALYST_DATA	BRANCH_ADDED	analyst_data/7月1日，复盘资料，始终跟随主线板块_files/640(8)
E_ANALYST_DATA	BRANCH_ADDED	analyst_data/7月1日，复盘资料，始终跟随主线板块_files/640(9)
E_ANALYST_DATA	BRANCH_ADDED	analyst_data/7月1日，复盘资料，始终跟随主线板块_files/RCdSzC74aDD_QnWHvT8sNnXUvwtSaR2y5wHybXLJy_bhOTBTw97S11whc3dq9C0qRKv2tXjGNhrEXV4-6jYgIQ
E_ANALYST_DATA	BRANCH_ADDED	analyst_data/7月1日，复盘资料，始终跟随主线板块_files/RCdSzC74aDD_QnWHvT8sNtESWCvezsiPOk6PEvubsj8wv5t3hSJndZcCOdHhYDBlk8xXexSC1CZccFnFO5JCHg
E_ANALYST_DATA	BRANCH_ADDED	analyst_data/7月1日，复盘资料，始终跟随主线板块_files/added_info.mrddymk0d5070eb5.css
E_ANALYST_DATA	BRANCH_ADDED	analyst_data/7月1日，复盘资料，始终跟随主线板块_files/appmsg.mrddymk00801af2a.js
E_ANALYST_DATA	BRANCH_ADDED	analyst_data/7月1日，复盘资料，始终跟随主线板块_files/appmsg_comment.mrddymk0ce02802d.css
E_ANALYST_DATA	BRANCH_ADDED	analyst_data/7月1日，复盘资料，始终跟随主线板块_files/article_bottom_bar.mrddymk06c2c73ca.css
E_ANALYST_DATA	BRANCH_ADDED	analyst_data/7月1日，复盘资料，始终跟随主线板块_files/channel_product_utils.mrddymk0199e90e4.css
E_ANALYST_DATA	BRANCH_ADDED	analyst_data/7月1日，复盘资料，始终跟随主线板块_files/cover_next.mrddymk0cd74238d.css
E_ANALYST_DATA	BRANCH_ADDED	analyst_data/7月1日，复盘资料，始终跟随主线板块_files/frame.html
E_ANALYST_DATA	BRANCH_ADDED	analyst_data/7月1日，复盘资料，始终跟随主线板块_files/gongyi.mrddymk08c152f31.css
E_ANALYST_DATA	BRANCH_ADDED	analyst_data/7月1日，复盘资料，始终跟随主线板块_files/handle_change_inter_identity.mrddymk014eec1a5.css
E_ANALYST_DATA	BRANCH_ADDED	analyst_data/7月1日，复盘资料，始终跟随主线板块_files/index.mrddymk0779cd8f2.css
E_ANALYST_DATA	BRANCH_ADDED	analyst_data/7月1日，复盘资料，始终跟随主线板块_files/keep_read.mrddymk09d142f2e.css
E_ANALYST_DATA	BRANCH_ADDED	analyst_data/7月1日，复盘资料，始终跟随主线板块_files/keyboard(1).mrddymk07906ec3f.css
E_ANALYST_DATA	BRANCH_ADDED	analyst_data/7月1日，复盘资料，始终跟随主线板块_files/keyboard.mrddymk07906ec3f.css
E_ANALYST_DATA	BRANCH_ADDED	analyst_data/7月1日，复盘资料，始终跟随主线板块_files/opqv3ix6k9E4e64ZzO7uIqE3ZblwIojfmt7u70m59yS1ylFK-hTu6Ra8V_LaWQJ1P4OlUJPdXLfVBtrm3TwRrw
E_ANALYST_DATA	BRANCH_ADDED	analyst_data/7月1日，复盘资料，始终跟随主线板块_files/polyfills-legacy.mrddymk0ef94810a.js
E_ANALYST_DATA	BRANCH_ADDED	analyst_data/7月1日，复盘资料，始终跟随主线板块_files/product_search.mrddymk0eb694068.css
E_ANALYST_DATA	BRANCH_ADDED	analyst_data/7月1日，复盘资料，始终跟随主线板块_files/product_search_word.mrddymk00a58245c.css
E_ANALYST_DATA	BRANCH_ADDED	analyst_data/7月1日，复盘资料，始终跟随主线板块_files/qqmail_tpl_vite_entry.mrddymk0637587cc.css
E_ANALYST_DATA	BRANCH_ADDED	analyst_data/7月1日，复盘资料，始终跟随主线板块_files/reward_close_tip.mrddymk02cdd5698.css
E_ANALYST_DATA	BRANCH_ADDED	analyst_data/7月1日，复盘资料，始终跟随主线板块_files/reward_list_dialog.mrddymk019e14573.css
E_ANALYST_DATA	BRANCH_ADDED	analyst_data/7月1日，复盘资料，始终跟随主线板块_files/search_fixed_bar.mrddymk09d63199b.css
E_ANALYST_DATA	BRANCH_ADDED	analyst_data/7月1日，复盘资料，始终跟随主线板块_files/sec_performance.mrddymk0ae94a0fa.css
E_ANALYST_DATA	BRANCH_ADDED	analyst_data/7月1日，复盘资料，始终跟随主线板块_files/tap_highlight(1).mrddymk021feed59.css
E_ANALYST_DATA	BRANCH_ADDED	analyst_data/7月1日，复盘资料，始终跟随主线板块_files/tap_highlight.mrddymk021feed59.css
E_ANALYST_DATA	BRANCH_ADDED	analyst_data/7月1日，复盘资料，始终跟随主线板块_files/tencent_portfolio_light.mrddymk0d5912b06.css
E_ANALYST_DATA	BRANCH_ADDED	analyst_data/7月1日，复盘资料，始终跟随主线板块_files/weui.min.css
E_ANALYST_DATA	BRANCH_ADDED	analyst_data/7月1日，复盘资料，始终跟随主线板块_files/weui.min.js
E_ANALYST_DATA	BRANCH_ADDED	analyst_data/7月1日，复盘资料，始终跟随主线板块_files/wxopensdk.js
E_ANALYST_DATA	BRANCH_ADDED	analyst_data/7月1日，复盘资料，始终跟随主线板块_files/wxwork_hidden.mrddymk0debb1bea.css
E_ANALYST_DATA	BRANCH_ADDED	analyst_data/7月2日，通杀！小心韩国.html
E_ANALYST_DATA	BRANCH_ADDED	analyst_data/7月2日，通杀！小心韩国_files/0
E_ANALYST_DATA	BRANCH_ADDED	analyst_data/7月2日，通杀！小心韩国_files/0(1)
E_ANALYST_DATA	BRANCH_ADDED	analyst_data/7月2日，通杀！小心韩国_files/300
E_ANALYST_DATA	BRANCH_ADDED	analyst_data/7月2日，通杀！小心韩国_files/640
E_ANALYST_DATA	BRANCH_ADDED	analyst_data/7月2日，通杀！小心韩国_files/640(1)
E_ANALYST_DATA	BRANCH_ADDED	analyst_data/7月2日，通杀！小心韩国_files/640(10)
E_ANALYST_DATA	BRANCH_ADDED	analyst_data/7月2日，通杀！小心韩国_files/640(11)
E_ANALYST_DATA	BRANCH_ADDED	analyst_data/7月2日，通杀！小心韩国_files/640(12)
E_ANALYST_DATA	BRANCH_ADDED	analyst_data/7月2日，通杀！小心韩国_files/640(13)
E_ANALYST_DATA	BRANCH_ADDED	analyst_data/7月2日，通杀！小心韩国_files/640(14)
E_ANALYST_DATA	BRANCH_ADDED	analyst_data/7月2日，通杀！小心韩国_files/640(15)
E_ANALYST_DATA	BRANCH_ADDED	analyst_data/7月2日，通杀！小心韩国_files/640(16)
E_ANALYST_DATA	BRANCH_ADDED	analyst_data/7月2日，通杀！小心韩国_files/640(17)
E_ANALYST_DATA	BRANCH_ADDED	analyst_data/7月2日，通杀！小心韩国_files/640(18)
E_ANALYST_DATA	BRANCH_ADDED	analyst_data/7月2日，通杀！小心韩国_files/640(2)
E_ANALYST_DATA	BRANCH_ADDED	analyst_data/7月2日，通杀！小心韩国_files/640(3)
E_ANALYST_DATA	BRANCH_ADDED	analyst_data/7月2日，通杀！小心韩国_files/640(4)
E_ANALYST_DATA	BRANCH_ADDED	analyst_data/7月2日，通杀！小心韩国_files/640(5)
E_ANALYST_DATA	BRANCH_ADDED	analyst_data/7月2日，通杀！小心韩国_files/640(6)
E_ANALYST_DATA	BRANCH_ADDED	analyst_data/7月2日，通杀！小心韩国_files/640(7)
E_ANALYST_DATA	BRANCH_ADDED	analyst_data/7月2日，通杀！小心韩国_files/640(8)
E_ANALYST_DATA	BRANCH_ADDED	analyst_data/7月2日，通杀！小心韩国_files/640(9)
E_ANALYST_DATA	BRANCH_ADDED	analyst_data/7月2日，通杀！小心韩国_files/RCdSzC74aDD_QnWHvT8sNnXUvwtSaR2y5wHybXLJy_bhOTBTw97S11whc3dq9C0qRKv2tXjGNhrEXV4-6jYgIQ
E_ANALYST_DATA	BRANCH_ADDED	analyst_data/7月2日，通杀！小心韩国_files/RCdSzC74aDD_QnWHvT8sNtESWCvezsiPOk6PEvubsj8wv5t3hSJndZcCOdHhYDBlk8xXexSC1CZccFnFO5JCHg
E_ANALYST_DATA	BRANCH_ADDED	analyst_data/7月2日，通杀！小心韩国_files/added_info.mrddymk0d5070eb5.css
E_ANALYST_DATA	BRANCH_ADDED	analyst_data/7月2日，通杀！小心韩国_files/appmsg.mrddymk00801af2a.js
E_ANALYST_DATA	BRANCH_ADDED	analyst_data/7月2日，通杀！小心韩国_files/appmsg_comment.mrddymk0ce02802d.css
E_ANALYST_DATA	BRANCH_ADDED	analyst_data/7月2日，通杀！小心韩国_files/article_bottom_bar.mrddymk06c2c73ca.css
E_ANALYST_DATA	BRANCH_ADDED	analyst_data/7月2日，通杀！小心韩国_files/channel_product_utils.mrddymk0199e90e4.css
E_ANALYST_DATA	BRANCH_ADDED	analyst_data/7月2日，通杀！小心韩国_files/cover_next.mrddymk0cd74238d.css
E_ANALYST_DATA	BRANCH_ADDED	analyst_data/7月2日，通杀！小心韩国_files/frame.html
E_ANALYST_DATA	BRANCH_ADDED	analyst_data/7月2日，通杀！小心韩国_files/gongyi.mrddymk08c152f31.css
E_ANALYST_DATA	BRANCH_ADDED	analyst_data/7月2日，通杀！小心韩国_files/handle_change_inter_identity.mrddymk014eec1a5.css
E_ANALYST_DATA	BRANCH_ADDED	analyst_data/7月2日，通杀！小心韩国_files/index.mrddymk0779cd8f2.css
E_ANALYST_DATA	BRANCH_ADDED	analyst_data/7月2日，通杀！小心韩国_files/keep_read.mrddymk09d142f2e.css
E_ANALYST_DATA	BRANCH_ADDED	analyst_data/7月2日，通杀！小心韩国_files/keyboard(1).mrddymk07906ec3f.css
E_ANALYST_DATA	BRANCH_ADDED	analyst_data/7月2日，通杀！小心韩国_files/keyboard.mrddymk07906ec3f.css
E_ANALYST_DATA	BRANCH_ADDED	analyst_data/7月2日，通杀！小心韩国_files/opqv3ix6k9E4e64ZzO7uIqE3ZblwIojfmt7u70m59yS1ylFK-hTu6Ra8V_LaWQJ1P4OlUJPdXLfVBtrm3TwRrw
E_ANALYST_DATA	BRANCH_ADDED	analyst_data/7月2日，通杀！小心韩国_files/polyfills-legacy.mrddymk0ef94810a.js
E_ANALYST_DATA	BRANCH_ADDED	analyst_data/7月2日，通杀！小心韩国_files/product_search.mrddymk0eb694068.css
E_ANALYST_DATA	BRANCH_ADDED	analyst_data/7月2日，通杀！小心韩国_files/product_search_word.mrddymk00a58245c.css
E_ANALYST_DATA	BRANCH_ADDED	analyst_data/7月2日，通杀！小心韩国_files/qqmail_tpl_vite_entry.mrddymk0637587cc.css
E_ANALYST_DATA	BRANCH_ADDED	analyst_data/7月2日，通杀！小心韩国_files/reward_close_tip.mrddymk02cdd5698.css
E_ANALYST_DATA	BRANCH_ADDED	analyst_data/7月2日，通杀！小心韩国_files/reward_list_dialog.mrddymk019e14573.css
E_ANALYST_DATA	BRANCH_ADDED	analyst_data/7月2日，通杀！小心韩国_files/search_fixed_bar.mrddymk09d63199b.css
E_ANALYST_DATA	BRANCH_ADDED	analyst_data/7月2日，通杀！小心韩国_files/sec_performance.mrddymk0ae94a0fa.css
E_ANALYST_DATA	BRANCH_ADDED	analyst_data/7月2日，通杀！小心韩国_files/tap_highlight(1).mrddymk021feed59.css
E_ANALYST_DATA	BRANCH_ADDED	analyst_data/7月2日，通杀！小心韩国_files/tap_highlight.mrddymk021feed59.css
E_ANALYST_DATA	BRANCH_ADDED	analyst_data/7月2日，通杀！小心韩国_files/tencent_portfolio_light.mrddymk0d5912b06.css
E_ANALYST_DATA	BRANCH_ADDED	analyst_data/7月2日，通杀！小心韩国_files/weui.min.css
E_ANALYST_DATA	BRANCH_ADDED	analyst_data/7月2日，通杀！小心韩国_files/weui.min.js
E_ANALYST_DATA	BRANCH_ADDED	analyst_data/7月2日，通杀！小心韩国_files/wxopensdk.js
E_ANALYST_DATA	BRANCH_ADDED	analyst_data/7月2日，通杀！小心韩国_files/wxwork_hidden.mrddymk0debb1bea.css
E_ANALYST_DATA	BRANCH_ADDED	analyst_data/7月5日，复盘资料，如指数企稳，还得是科技业绩报.html
E_ANALYST_DATA	BRANCH_ADDED	analyst_data/7月5日，复盘资料，如指数企稳，还得是科技业绩报_files/0
E_ANALYST_DATA	BRANCH_ADDED	analyst_data/7月5日，复盘资料，如指数企稳，还得是科技业绩报_files/0(1)
E_ANALYST_DATA	BRANCH_ADDED	analyst_data/7月5日，复盘资料，如指数企稳，还得是科技业绩报_files/300
E_ANALYST_DATA	BRANCH_ADDED	analyst_data/7月5日，复盘资料，如指数企稳，还得是科技业绩报_files/640
E_ANALYST_DATA	BRANCH_ADDED	analyst_data/7月5日，复盘资料，如指数企稳，还得是科技业绩报_files/640(1)
E_ANALYST_DATA	BRANCH_ADDED	analyst_data/7月5日，复盘资料，如指数企稳，还得是科技业绩报_files/640(10)
E_ANALYST_DATA	BRANCH_ADDED	analyst_data/7月5日，复盘资料，如指数企稳，还得是科技业绩报_files/640(11)
E_ANALYST_DATA	BRANCH_ADDED	analyst_data/7月5日，复盘资料，如指数企稳，还得是科技业绩报_files/640(12)
E_ANALYST_DATA	BRANCH_ADDED	analyst_data/7月5日，复盘资料，如指数企稳，还得是科技业绩报_files/640(13)
E_ANALYST_DATA	BRANCH_ADDED	analyst_data/7月5日，复盘资料，如指数企稳，还得是科技业绩报_files/640(14)
E_ANALYST_DATA	BRANCH_ADDED	analyst_data/7月5日，复盘资料，如指数企稳，还得是科技业绩报_files/640(15)
E_ANALYST_DATA	BRANCH_ADDED	analyst_data/7月5日，复盘资料，如指数企稳，还得是科技业绩报_files/640(2)
E_ANALYST_DATA	BRANCH_ADDED	analyst_data/7月5日，复盘资料，如指数企稳，还得是科技业绩报_files/640(3)
E_ANALYST_DATA	BRANCH_ADDED	analyst_data/7月5日，复盘资料，如指数企稳，还得是科技业绩报_files/640(4)
E_ANALYST_DATA	BRANCH_ADDED	analyst_data/7月5日，复盘资料，如指数企稳，还得是科技业绩报_files/640(5)
E_ANALYST_DATA	BRANCH_ADDED	analyst_data/7月5日，复盘资料，如指数企稳，还得是科技业绩报_files/640(6)
E_ANALYST_DATA	BRANCH_ADDED	analyst_data/7月5日，复盘资料，如指数企稳，还得是科技业绩报_files/640(7)
E_ANALYST_DATA	BRANCH_ADDED	analyst_data/7月5日，复盘资料，如指数企稳，还得是科技业绩报_files/640(8)
E_ANALYST_DATA	BRANCH_ADDED	analyst_data/7月5日，复盘资料，如指数企稳，还得是科技业绩报_files/640(9)
E_ANALYST_DATA	BRANCH_ADDED	analyst_data/7月5日，复盘资料，如指数企稳，还得是科技业绩报_files/RCdSzC74aDD_QnWHvT8sNnXUvwtSaR2y5wHybXLJy_bhOTBTw97S11whc3dq9C0qRKv2tXjGNhrEXV4-6jYgIQ
E_ANALYST_DATA	BRANCH_ADDED	analyst_data/7月5日，复盘资料，如指数企稳，还得是科技业绩报_files/RCdSzC74aDD_QnWHvT8sNtESWCvezsiPOk6PEvubsj8wv5t3hSJndZcCOdHhYDBlk8xXexSC1CZccFnFO5JCHg
E_ANALYST_DATA	BRANCH_ADDED	analyst_data/7月5日，复盘资料，如指数企稳，还得是科技业绩报_files/added_info.mrddymk0d5070eb5.css
E_ANALYST_DATA	BRANCH_ADDED	analyst_data/7月5日，复盘资料，如指数企稳，还得是科技业绩报_files/appmsg.mrddymk00801af2a.js
E_ANALYST_DATA	BRANCH_ADDED	analyst_data/7月5日，复盘资料，如指数企稳，还得是科技业绩报_files/appmsg_comment.mrddymk0ce02802d.css
E_ANALYST_DATA	BRANCH_ADDED	analyst_data/7月5日，复盘资料，如指数企稳，还得是科技业绩报_files/article_bottom_bar.mrddymk06c2c73ca.css
E_ANALYST_DATA	BRANCH_ADDED	analyst_data/7月5日，复盘资料，如指数企稳，还得是科技业绩报_files/channel_product_utils.mrddymk0199e90e4.css
E_ANALYST_DATA	BRANCH_ADDED	analyst_data/7月5日，复盘资料，如指数企稳，还得是科技业绩报_files/cover_next.mrddymk0cd74238d.css
E_ANALYST_DATA	BRANCH_ADDED	analyst_data/7月5日，复盘资料，如指数企稳，还得是科技业绩报_files/frame.html
E_ANALYST_DATA	BRANCH_ADDED	analyst_data/7月5日，复盘资料，如指数企稳，还得是科技业绩报_files/gongyi.mrddymk08c152f31.css
E_ANALYST_DATA	BRANCH_ADDED	analyst_data/7月5日，复盘资料，如指数企稳，还得是科技业绩报_files/handle_change_inter_identity.mrddymk014eec1a5.css
E_ANALYST_DATA	BRANCH_ADDED	analyst_data/7月5日，复盘资料，如指数企稳，还得是科技业绩报_files/index.mrddymk0779cd8f2.css
E_ANALYST_DATA	BRANCH_ADDED	analyst_data/7月5日，复盘资料，如指数企稳，还得是科技业绩报_files/keep_read.mrddymk09d142f2e.css
E_ANALYST_DATA	BRANCH_ADDED	analyst_data/7月5日，复盘资料，如指数企稳，还得是科技业绩报_files/keyboard(1).mrddymk07906ec3f.css
E_ANALYST_DATA	BRANCH_ADDED	analyst_data/7月5日，复盘资料，如指数企稳，还得是科技业绩报_files/keyboard.mrddymk07906ec3f.css
E_ANALYST_DATA	BRANCH_ADDED	analyst_data/7月5日，复盘资料，如指数企稳，还得是科技业绩报_files/opqv3ix6k9E4e64ZzO7uIqE3ZblwIojfmt7u70m59yS1ylFK-hTu6Ra8V_LaWQJ1P4OlUJPdXLfVBtrm3TwRrw
E_ANALYST_DATA	BRANCH_ADDED	analyst_data/7月5日，复盘资料，如指数企稳，还得是科技业绩报_files/polyfills-legacy.mrddymk0ef94810a.js
E_ANALYST_DATA	BRANCH_ADDED	analyst_data/7月5日，复盘资料，如指数企稳，还得是科技业绩报_files/product_search.mrddymk0eb694068.css
E_ANALYST_DATA	BRANCH_ADDED	analyst_data/7月5日，复盘资料，如指数企稳，还得是科技业绩报_files/product_search_word.mrddymk00a58245c.css
E_ANALYST_DATA	BRANCH_ADDED	analyst_data/7月5日，复盘资料，如指数企稳，还得是科技业绩报_files/qqmail_tpl_vite_entry.mrddymk0637587cc.css
E_ANALYST_DATA	BRANCH_ADDED	analyst_data/7月5日，复盘资料，如指数企稳，还得是科技业绩报_files/reward_close_tip.mrddymk02cdd5698.css
E_ANALYST_DATA	BRANCH_ADDED	analyst_data/7月5日，复盘资料，如指数企稳，还得是科技业绩报_files/reward_list_dialog.mrddymk019e14573.css
E_ANALYST_DATA	BRANCH_ADDED	analyst_data/7月5日，复盘资料，如指数企稳，还得是科技业绩报_files/search_fixed_bar.mrddymk09d63199b.css
E_ANALYST_DATA	BRANCH_ADDED	analyst_data/7月5日，复盘资料，如指数企稳，还得是科技业绩报_files/sec_performance.mrddymk0ae94a0fa.css
E_ANALYST_DATA	BRANCH_ADDED	analyst_data/7月5日，复盘资料，如指数企稳，还得是科技业绩报_files/tap_highlight(1).mrddymk021feed59.css
E_ANALYST_DATA	BRANCH_ADDED	analyst_data/7月5日，复盘资料，如指数企稳，还得是科技业绩报_files/tap_highlight.mrddymk021feed59.css
E_ANALYST_DATA	BRANCH_ADDED	analyst_data/7月5日，复盘资料，如指数企稳，还得是科技业绩报_files/tencent_portfolio_light.mrddymk0d5912b06.css
E_ANALYST_DATA	BRANCH_ADDED	analyst_data/7月5日，复盘资料，如指数企稳，还得是科技业绩报_files/weui.min.css
E_ANALYST_DATA	BRANCH_ADDED	analyst_data/7月5日，复盘资料，如指数企稳，还得是科技业绩报_files/weui.min.js
E_ANALYST_DATA	BRANCH_ADDED	analyst_data/7月5日，复盘资料，如指数企稳，还得是科技业绩报_files/wxopensdk.js
E_ANALYST_DATA	BRANCH_ADDED	analyst_data/7月5日，复盘资料，如指数企稳，还得是科技业绩报_files/wxwork_hidden.mrddymk0debb1bea.css
E_ANALYST_DATA	BRANCH_ADDED	analyst_data/7月6日，就一个字“难”.html
E_ANALYST_DATA	BRANCH_ADDED	analyst_data/7月6日，就一个字“难”_files/0
E_ANALYST_DATA	BRANCH_ADDED	analyst_data/7月6日，就一个字“难”_files/0(1)
E_ANALYST_DATA	BRANCH_ADDED	analyst_data/7月6日，就一个字“难”_files/300
E_ANALYST_DATA	BRANCH_ADDED	analyst_data/7月6日，就一个字“难”_files/640
E_ANALYST_DATA	BRANCH_ADDED	analyst_data/7月6日，就一个字“难”_files/640(1)
E_ANALYST_DATA	BRANCH_ADDED	analyst_data/7月6日，就一个字“难”_files/640(10)
E_ANALYST_DATA	BRANCH_ADDED	analyst_data/7月6日，就一个字“难”_files/640(11)
E_ANALYST_DATA	BRANCH_ADDED	analyst_data/7月6日，就一个字“难”_files/640(12)
E_ANALYST_DATA	BRANCH_ADDED	analyst_data/7月6日，就一个字“难”_files/640(13)
E_ANALYST_DATA	BRANCH_ADDED	analyst_data/7月6日，就一个字“难”_files/640(14)
E_ANALYST_DATA	BRANCH_ADDED	analyst_data/7月6日，就一个字“难”_files/640(15)
E_ANALYST_DATA	BRANCH_ADDED	analyst_data/7月6日，就一个字“难”_files/640(16)
E_ANALYST_DATA	BRANCH_ADDED	analyst_data/7月6日，就一个字“难”_files/640(2)
E_ANALYST_DATA	BRANCH_ADDED	analyst_data/7月6日，就一个字“难”_files/640(3)
E_ANALYST_DATA	BRANCH_ADDED	analyst_data/7月6日，就一个字“难”_files/640(4)
E_ANALYST_DATA	BRANCH_ADDED	analyst_data/7月6日，就一个字“难”_files/640(5)
E_ANALYST_DATA	BRANCH_ADDED	analyst_data/7月6日，就一个字“难”_files/640(6)
E_ANALYST_DATA	BRANCH_ADDED	analyst_data/7月6日，就一个字“难”_files/640(7)
E_ANALYST_DATA	BRANCH_ADDED	analyst_data/7月6日，就一个字“难”_files/640(8)
E_ANALYST_DATA	BRANCH_ADDED	analyst_data/7月6日，就一个字“难”_files/640(9)
E_ANALYST_DATA	BRANCH_ADDED	analyst_data/7月6日，就一个字“难”_files/RCdSzC74aDD_QnWHvT8sNnXUvwtSaR2y5wHybXLJy_bhOTBTw97S11whc3dq9C0qRKv2tXjGNhrEXV4-6jYgIQ
E_ANALYST_DATA	BRANCH_ADDED	analyst_data/7月6日，就一个字“难”_files/RCdSzC74aDD_QnWHvT8sNtESWCvezsiPOk6PEvubsj8wv5t3hSJndZcCOdHhYDBlk8xXexSC1CZccFnFO5JCHg
E_ANALYST_DATA	BRANCH_ADDED	analyst_data/7月6日，就一个字“难”_files/added_info.mrddymk0d5070eb5.css
E_ANALYST_DATA	BRANCH_ADDED	analyst_data/7月6日，就一个字“难”_files/appmsg.mrddymk00801af2a.js
E_ANALYST_DATA	BRANCH_ADDED	analyst_data/7月6日，就一个字“难”_files/appmsg_comment.mrddymk0ce02802d.css
E_ANALYST_DATA	BRANCH_ADDED	analyst_data/7月6日，就一个字“难”_files/article_bottom_bar.mrddymk06c2c73ca.css
E_ANALYST_DATA	BRANCH_ADDED	analyst_data/7月6日，就一个字“难”_files/channel_product_utils.mrddymk0199e90e4.css
E_ANALYST_DATA	BRANCH_ADDED	analyst_data/7月6日，就一个字“难”_files/cover_next.mrddymk0cd74238d.css
E_ANALYST_DATA	BRANCH_ADDED	analyst_data/7月6日，就一个字“难”_files/frame.html
E_ANALYST_DATA	BRANCH_ADDED	analyst_data/7月6日，就一个字“难”_files/gongyi.mrddymk08c152f31.css
E_ANALYST_DATA	BRANCH_ADDED	analyst_data/7月6日，就一个字“难”_files/handle_change_inter_identity.mrddymk014eec1a5.css
E_ANALYST_DATA	BRANCH_ADDED	analyst_data/7月6日，就一个字“难”_files/index.mrddymk0779cd8f2.css
E_ANALYST_DATA	BRANCH_ADDED	analyst_data/7月6日，就一个字“难”_files/keep_read.mrddymk09d142f2e.css
E_ANALYST_DATA	BRANCH_ADDED	analyst_data/7月6日，就一个字“难”_files/keyboard(1).mrddymk07906ec3f.css
E_ANALYST_DATA	BRANCH_ADDED	analyst_data/7月6日，就一个字“难”_files/keyboard.mrddymk07906ec3f.css
E_ANALYST_DATA	BRANCH_ADDED	analyst_data/7月6日，就一个字“难”_files/opqv3ix6k9E4e64ZzO7uIqE3ZblwIojfmt7u70m59yS1ylFK-hTu6Ra8V_LaWQJ1P4OlUJPdXLfVBtrm3TwRrw
E_ANALYST_DATA	BRANCH_ADDED	analyst_data/7月6日，就一个字“难”_files/polyfills-legacy.mrddymk0ef94810a.js
E_ANALYST_DATA	BRANCH_ADDED	analyst_data/7月6日，就一个字“难”_files/product_search.mrddymk0eb694068.css
E_ANALYST_DATA	BRANCH_ADDED	analyst_data/7月6日，就一个字“难”_files/product_search_word.mrddymk00a58245c.css
E_ANALYST_DATA	BRANCH_ADDED	analyst_data/7月6日，就一个字“难”_files/qqmail_tpl_vite_entry.mrddymk0637587cc.css
E_ANALYST_DATA	BRANCH_ADDED	analyst_data/7月6日，就一个字“难”_files/reward_close_tip.mrddymk02cdd5698.css
E_ANALYST_DATA	BRANCH_ADDED	analyst_data/7月6日，就一个字“难”_files/reward_list_dialog.mrddymk019e14573.css
E_ANALYST_DATA	BRANCH_ADDED	analyst_data/7月6日，就一个字“难”_files/search_fixed_bar.mrddymk09d63199b.css
E_ANALYST_DATA	BRANCH_ADDED	analyst_data/7月6日，就一个字“难”_files/sec_performance.mrddymk0ae94a0fa.css
E_ANALYST_DATA	BRANCH_ADDED	analyst_data/7月6日，就一个字“难”_files/tap_highlight(1).mrddymk021feed59.css
E_ANALYST_DATA	BRANCH_ADDED	analyst_data/7月6日，就一个字“难”_files/tap_highlight.mrddymk021feed59.css
E_ANALYST_DATA	BRANCH_ADDED	analyst_data/7月6日，就一个字“难”_files/tencent_portfolio_light.mrddymk0d5912b06.css
E_ANALYST_DATA	BRANCH_ADDED	analyst_data/7月6日，就一个字“难”_files/weui.min.css
E_ANALYST_DATA	BRANCH_ADDED	analyst_data/7月6日，就一个字“难”_files/weui.min.js
E_ANALYST_DATA	BRANCH_ADDED	analyst_data/7月6日，就一个字“难”_files/wxopensdk.js
E_ANALYST_DATA	BRANCH_ADDED	analyst_data/7月6日，就一个字“难”_files/wxwork_hidden.mrddymk0debb1bea.css
E_ANALYST_DATA	BRANCH_ADDED	analyst_data/7月7日复盘_DeepSeek完整结构版.md
E_ANALYST_DATA	BRANCH_ADDED	analyst_data/7月9日，直接说重点.html
E_ANALYST_DATA	BRANCH_ADDED	analyst_data/7月9日，直接说重点_files/0
E_ANALYST_DATA	BRANCH_ADDED	analyst_data/7月9日，直接说重点_files/0(1)
E_ANALYST_DATA	BRANCH_ADDED	analyst_data/7月9日，直接说重点_files/300
E_ANALYST_DATA	BRANCH_ADDED	analyst_data/7月9日，直接说重点_files/640
E_ANALYST_DATA	BRANCH_ADDED	analyst_data/7月9日，直接说重点_files/640(1)
E_ANALYST_DATA	BRANCH_ADDED	analyst_data/7月9日，直接说重点_files/640(10)
E_ANALYST_DATA	BRANCH_ADDED	analyst_data/7月9日，直接说重点_files/640(11)
E_ANALYST_DATA	BRANCH_ADDED	analyst_data/7月9日，直接说重点_files/640(12)
E_ANALYST_DATA	BRANCH_ADDED	analyst_data/7月9日，直接说重点_files/640(13)
E_ANALYST_DATA	BRANCH_ADDED	analyst_data/7月9日，直接说重点_files/640(14)
E_ANALYST_DATA	BRANCH_ADDED	analyst_data/7月9日，直接说重点_files/640(15)
E_ANALYST_DATA	BRANCH_ADDED	analyst_data/7月9日，直接说重点_files/640(16)
E_ANALYST_DATA	BRANCH_ADDED	analyst_data/7月9日，直接说重点_files/640(17)
E_ANALYST_DATA	BRANCH_ADDED	analyst_data/7月9日，直接说重点_files/640(18)
E_ANALYST_DATA	BRANCH_ADDED	analyst_data/7月9日，直接说重点_files/640(2)
E_ANALYST_DATA	BRANCH_ADDED	analyst_data/7月9日，直接说重点_files/640(3)
E_ANALYST_DATA	BRANCH_ADDED	analyst_data/7月9日，直接说重点_files/640(4)
E_ANALYST_DATA	BRANCH_ADDED	analyst_data/7月9日，直接说重点_files/640(5)
E_ANALYST_DATA	BRANCH_ADDED	analyst_data/7月9日，直接说重点_files/640(6)
E_ANALYST_DATA	BRANCH_ADDED	analyst_data/7月9日，直接说重点_files/640(7)
E_ANALYST_DATA	BRANCH_ADDED	analyst_data/7月9日，直接说重点_files/640(8)
E_ANALYST_DATA	BRANCH_ADDED	analyst_data/7月9日，直接说重点_files/640(9)
E_ANALYST_DATA	BRANCH_ADDED	analyst_data/7月9日，直接说重点_files/RCdSzC74aDD_QnWHvT8sNnXUvwtSaR2y5wHybXLJy_bhOTBTw97S11whc3dq9C0qRKv2tXjGNhrEXV4-6jYgIQ
E_ANALYST_DATA	BRANCH_ADDED	analyst_data/7月9日，直接说重点_files/RCdSzC74aDD_QnWHvT8sNtESWCvezsiPOk6PEvubsj8wv5t3hSJndZcCOdHhYDBlk8xXexSC1CZccFnFO5JCHg
E_ANALYST_DATA	BRANCH_ADDED	analyst_data/7月9日，直接说重点_files/added_info.mrddymk0d5070eb5.css
E_ANALYST_DATA	BRANCH_ADDED	analyst_data/7月9日，直接说重点_files/appmsg.mrddymk00801af2a.js
E_ANALYST_DATA	BRANCH_ADDED	analyst_data/7月9日，直接说重点_files/appmsg_comment.mrddymk0ce02802d.css
E_ANALYST_DATA	BRANCH_ADDED	analyst_data/7月9日，直接说重点_files/article_bottom_bar.mrddymk06c2c73ca.css
E_ANALYST_DATA	BRANCH_ADDED	analyst_data/7月9日，直接说重点_files/channel_product_utils.mrddymk0199e90e4.css
E_ANALYST_DATA	BRANCH_ADDED	analyst_data/7月9日，直接说重点_files/cover_next.mrddymk0cd74238d.css
E_ANALYST_DATA	BRANCH_ADDED	analyst_data/7月9日，直接说重点_files/frame.html
E_ANALYST_DATA	BRANCH_ADDED	analyst_data/7月9日，直接说重点_files/gongyi.mrddymk08c152f31.css
E_ANALYST_DATA	BRANCH_ADDED	analyst_data/7月9日，直接说重点_files/handle_change_inter_identity.mrddymk014eec1a5.css
E_ANALYST_DATA	BRANCH_ADDED	analyst_data/7月9日，直接说重点_files/index.mrddymk0779cd8f2.css
E_ANALYST_DATA	BRANCH_ADDED	analyst_data/7月9日，直接说重点_files/keep_read.mrddymk09d142f2e.css
E_ANALYST_DATA	BRANCH_ADDED	analyst_data/7月9日，直接说重点_files/keyboard(1).mrddymk07906ec3f.css
E_ANALYST_DATA	BRANCH_ADDED	analyst_data/7月9日，直接说重点_files/keyboard.mrddymk07906ec3f.css
E_ANALYST_DATA	BRANCH_ADDED	analyst_data/7月9日，直接说重点_files/opqv3ix6k9E4e64ZzO7uIqE3ZblwIojfmt7u70m59yS1ylFK-hTu6Ra8V_LaWQJ1P4OlUJPdXLfVBtrm3TwRrw
E_ANALYST_DATA	BRANCH_ADDED	analyst_data/7月9日，直接说重点_files/polyfills-legacy.mrddymk0ef94810a.js
E_ANALYST_DATA	BRANCH_ADDED	analyst_data/7月9日，直接说重点_files/product_search.mrddymk0eb694068.css
E_ANALYST_DATA	BRANCH_ADDED	analyst_data/7月9日，直接说重点_files/product_search_word.mrddymk00a58245c.css
E_ANALYST_DATA	BRANCH_ADDED	analyst_data/7月9日，直接说重点_files/qqmail_tpl_vite_entry.mrddymk0637587cc.css
E_ANALYST_DATA	BRANCH_ADDED	analyst_data/7月9日，直接说重点_files/reward_close_tip.mrddymk02cdd5698.css
E_ANALYST_DATA	BRANCH_ADDED	analyst_data/7月9日，直接说重点_files/reward_list_dialog.mrddymk019e14573.css
E_ANALYST_DATA	BRANCH_ADDED	analyst_data/7月9日，直接说重点_files/search_fixed_bar.mrddymk09d63199b.css
E_ANALYST_DATA	BRANCH_ADDED	analyst_data/7月9日，直接说重点_files/sec_performance.mrddymk0ae94a0fa.css
E_ANALYST_DATA	BRANCH_ADDED	analyst_data/7月9日，直接说重点_files/tap_highlight(1).mrddymk021feed59.css
E_ANALYST_DATA	BRANCH_ADDED	analyst_data/7月9日，直接说重点_files/tap_highlight.mrddymk021feed59.css
E_ANALYST_DATA	BRANCH_ADDED	analyst_data/7月9日，直接说重点_files/tencent_portfolio_light.mrddymk0d5912b06.css
E_ANALYST_DATA	BRANCH_ADDED	analyst_data/7月9日，直接说重点_files/weui.min.css
E_ANALYST_DATA	BRANCH_ADDED	analyst_data/7月9日，直接说重点_files/weui.min.js
E_ANALYST_DATA	BRANCH_ADDED	analyst_data/7月9日，直接说重点_files/wxopensdk.js
E_ANALYST_DATA	BRANCH_ADDED	analyst_data/7月9日，直接说重点_files/wxwork_hidden.mrddymk0debb1bea.css
F_DOCS_OTHER	BRANCH_ADDED	docs/architecture/Active_Capital_Methodology_Audit.md
F_DOCS_OTHER	BRANCH_ADDED	docs/architecture/Active_Capital_Source_Audit.md
F_DOCS_OTHER	BRANCH_ADDED	docs/architecture/BoardPool_Amount_Completion_Audit.md
F_DOCS_OTHER	BRANCH_ADDED	docs/architecture/BoardPool_Source_Decision.md
F_DOCS_OTHER	BRANCH_ADDED	docs/architecture/Capital_Intelligence_Pipeline_Design.md
F_DOCS_OTHER	BRANCH_ADDED	docs/architecture/Capital_Intelligence_Source_Audit.md
F_DOCS_OTHER	BRANCH_ADDED	docs/architecture/Capital_Intelligence_Source_Ownership.md
F_DOCS_OTHER	BRANCH_ADDED	docs/architecture/Capital_Intelligence_v1_Freeze.md
F_DOCS_OTHER	BRANCH_ADDED	docs/architecture/DailyReview_Field_Consolidation_Matrix.md
F_DOCS_OTHER	BRANCH_ADDED	docs/architecture/Eastmoney_Fund_Flow_Capability_Audit.md
F_DOCS_OTHER	BRANCH_ADDED	docs/architecture/Eastmoney_Push2His_Fund_Flow_Adapter_Audit.md
F_DOCS_OTHER	BRANCH_ADDED	docs/architecture/Eastmoney_ZB_Amount_Field_Verification.md
F_DOCS_OTHER	BRANCH_ADDED	docs/architecture/FROZEN_MODULES.md
F_DOCS_OTHER	BRANCH_ADDED	docs/architecture/GUARD_POLICY.md
F_DOCS_OTHER	BRANCH_ADDED	docs/architecture/Market_Brain_v2_Roadmap.md
F_DOCS_OTHER	BRANCH_ADDED	docs/architecture/PR4.2.32_Theme_Capital_Attribution_Design.md
F_DOCS_OTHER	BRANCH_ADDED	docs/architecture/PR4.2.33_Institution_Style_Producer_Design.md
F_DOCS_OTHER	BRANCH_ADDED	docs/architecture/PR4.2.34_Investment_Direction_Layer_Design.md
F_DOCS_OTHER	BRANCH_ADDED	docs/architecture/PR4.2.36_Hot_Money_Style_Design.md
F_DOCS_OTHER	BRANCH_ADDED	docs/architecture/PR4.2.39_Compose_Pipeline_Source_Audit.md
F_DOCS_OTHER	BRANCH_ONLY_CHANGED	docs/architecture/Phase_4.5.4_设计文档.md
F_DOCS_OTHER	BRANCH_ADDED	docs/architecture/Phase_4.5.6_Strict_Mode.md
F_DOCS_OTHER	BRANCH_ADDED	docs/architecture/Phase_4.5.7_Unified_Analyst_Review_Document.md
F_DOCS_OTHER	BRANCH_ADDED	docs/architecture/REVIEW_DOCUMENT_EVOLUTION.md
F_DOCS_OTHER	BRANCH_ADDED	docs/architecture/REVIEW_DOCUMENT_PRINCIPLES.md
F_DOCS_OTHER	BRANCH_ADDED	docs/architecture/ReviewDocument_Field_Coverage_Matrix.yaml
F_DOCS_OTHER	BRANCH_ADDED	docs/architecture/Sina_Fund_Flow_Backup_Probe.md
F_DOCS_OTHER	BRANCH_ADDED	docs/architecture/Stock_Fund_Flow_Evidence_Contract.md
F_DOCS_OTHER	BRANCH_ADDED	docs/architecture/Tushare_Fund_Flow_Capability_Audit.md
F_DOCS_OTHER	BRANCH_ADDED	docs/architecture/architecture_exceptions.yaml
F_DOCS_OTHER	BRANCH_ADDED	docs/architecture/architecture_rules.yaml
F_DOCS_OTHER	BRANCH_ADDED	docs/architecture/emotion_truth_audit_20260709.yaml
F_DOCS_OTHER	BRANCH_ONLY_CHANGED	docs/architecture/分析师工作台设计方案.md
F_DOCS_OTHER	BRANCH_ADDED	docs/project_control/QA_GATE_Phase_4.5.5_RA.md
F_DOCS_OTHER	BRANCH_ADDED	docs/project_control/TEST_CASE_SPEC_Phase_4.5.5_RA.md
F_DOCS_OTHER	BRANCH_ADDED	docs/project_control/TEST_CASE_SPEC_Phase_4.5.6_FormalReview.md
F_DOCS_OTHER	BRANCH_ONLY_CHANGED	docs/project_control/TEST_REPORT.md
F_DOCS_OTHER	BRANCH_ADDED	docs/test_reports/formal_review_legacy_coverage.md
F_DOCS_OTHER	BRANCH_ADDED	docs/test_reports/formal_review_observation_log.md
F_DOCS_OTHER	BRANCH_ADDED	docs/test_reports/phase455_e2e_20260709.md
F_DOCS_OTHER	BRANCH_ADDED	docs/test_reports/phase456_formal_review_stabilization.md
F_DOCS_OTHER	BRANCH_ADDED	docs/test_reports/phase456_manual_e2e_20260709.md
F_DOCS_OTHER	BRANCH_ADDED	docs/test_reports/projection_diff_20260709.md
